FIPS,State,County,FOODINSEC_15_17,
01001,AL,Autauga,16.3,
01003,AL,Baldwin,16.3,
01005,AL,Barbour,16.3,
01007,AL,Bibb,16.3,
01009,AL,Blount,16.3,
01011,AL,Bullock,16.3,
01013,AL,Butler,16.3,
01015,AL,Calhoun,16.3,
01017,AL,Chambers,16.3,
01019,AL,Cherokee,16.3,
01021,AL,Chilton,16.3,
01023,AL,Choctaw,16.3,
01025,AL,Clarke,16.3,
01027,AL,Clay,16.3,
01029,AL,Cleburne,16.3,
01031,AL,Coffee,16.3,
01033,AL,Colbert,16.3,
01035,AL,Conecuh,16.3,
01037,AL,Coosa,16.3,
01039,AL,Covington,16.3,
01041,AL,Crenshaw,16.3,
01043,AL,Cullman,16.3,
01045,AL,Dale,16.3,
01047,AL,Dallas,16.3,
01049,AL,DeKalb,16.3,
01051,AL,Elmore,16.3,
01053,AL,Escambia,16.3,
01055,AL,Etowah,16.3,
01057,AL,Fayette,16.3,
01059,AL,Franklin,16.3,
01061,AL,Geneva,16.3,
01063,AL,Greene,16.3,
01065,AL,Hale,16.3,
01067,AL,Henry,16.3,
01069,AL,Houston,16.3,
01071,AL,Jackson,16.3,
01073,AL,Jefferson,16.3,
01075,AL,Lamar,16.3,
01077,AL,Lauderdale,16.3,
01079,AL,Lawrence,16.3,
01081,AL,Lee,16.3,
01083,AL,Limestone,16.3,
01085,AL,Lowndes,16.3,
01087,AL,Macon,16.3,
01089,AL,Madison,16.3,
01091,AL,Marengo,16.3,
01093,AL,Marion,16.3,
01095,AL,Marshall,16.3,
01097,AL,Mobile,16.3,
01099,AL,Monroe,16.3,
01101,AL,Montgomery,16.3,
01103,AL,Morgan,16.3,
01105,AL,Perry,16.3,
01107,AL,Pickens,16.3,
01109,AL,Pike,16.3,
01111,AL,Randolph,16.3,
01113,AL,Russell,16.3,
01115,AL,St. Clair,16.3,
01117,AL,Shelby,16.3,
01119,AL,Sumter,16.3,
01121,AL,Talladega,16.3,
01123,AL,Tallapoosa,16.3,
01125,AL,Tuscaloosa,16.3,
01127,AL,Walker,16.3,
01129,AL,Washington,16.3,
01131,AL,Wilcox,16.3,
01133,AL,Winston,16.3,
02013,AK,Aleutians East,11.6,
02016,AK,Aleutians West,11.6,
02020,AK,Anchorage,11.6,
02050,AK,Bethel,11.6,
02060,AK,Bristol Bay,11.6,
02068,AK,Denali,11.6,
02070,AK,Dillingham,11.6,
02090,AK,Fairbanks North Star,11.6,
02100,AK,Haines,11.6,
02105,AK,Hoonah-Angoon,11.6,
02110,AK,Juneau,11.6,
02122,AK,Kenai Peninsula,11.6,
02130,AK,Ketchikan Gateway,11.6,
02150,AK,Kodiak Island,11.6,
02164,AK,Lake and Peninsula,11.6,
02170,AK,Matanuska-Susitna,11.6,
02180,AK,Nome,11.6,
02185,AK,North Slope,11.6,
02188,AK,Northwest Arctic,11.6,
02195,AK,Petersburg,11.6,
02198,AK,Prince of Wales-Hyder,11.6,
02220,AK,Sitka,11.6,
02230,AK,Skagway,11.6,
02240,AK,Southeast Fairbanks,11.6,
02261,AK,Valdez-Cordova,11.6,
02270,AK,Wade Hampton,11.6,
02275,AK,Wrangell,11.6,
02282,AK,Yakutat,11.6,
02290,AK,Yukon-Koyukuk,11.6,
04001,AZ,Apache,17.4,
04003,AZ,Cochise,17.4,
04005,AZ,Coconino,17.4,
04007,AZ,Gila,17.4,
04009,AZ,Graham,17.4,
04011,AZ,Greenlee,17.4,
04012,AZ,La Paz,17.4,
04013,AZ,Maricopa,17.4,
04015,AZ,Mohave,17.4,
04017,AZ,Navajo,17.4,
04019,AZ,Pima,17.4,
04021,AZ,Pinal,17.4,
04023,AZ,Santa Cruz,17.4,
04025,AZ,Yavapai,17.4,
04027,AZ,Yuma,17.4,
05001,AR,Arkansas,13.1,
05003,AR,Ashley,13.1,
05005,AR,Baxter,13.1,
05007,AR,Benton,13.1,
05009,AR,Boone,13.1,
05011,AR,Bradley,13.1,
05013,AR,Calhoun,13.1,
05015,AR,Carroll,13.1,
05017,AR,Chicot,13.1,
05019,AR,Clark,13.1,
05021,AR,Clay,13.1,
05023,AR,Cleburne,13.1,
05025,AR,Cleveland,13.1,
05027,AR,Columbia,13.1,
05029,AR,Conway,13.1,
05031,AR,Craighead,13.1,
05033,AR,Crawford,13.1,
05035,AR,Crittenden,13.1,
05037,AR,Cross,13.1,
05039,AR,Dallas,13.1,
05041,AR,Desha,13.1,
05043,AR,Drew,13.1,
05045,AR,Faulkner,13.1,
05047,AR,Franklin,13.1,
05049,AR,Fulton,13.1,
05051,AR,Garland,13.1,
05053,AR,Grant,13.1,
05055,AR,Greene,13.1,
05057,AR,Hempstead,13.1,
05059,AR,Hot Spring,13.1,
05061,AR,Howard,13.1,
05063,AR,Independence,13.1,
05065,AR,Izard,13.1,
05067,AR,Jackson,13.1,
05069,AR,Jefferson,13.1,
05071,AR,Johnson,13.1,
05073,AR,Lafayette,13.1,
05075,AR,Lawrence,13.1,
05077,AR,Lee,13.1,
05079,AR,Lincoln,13.1,
05081,AR,Little River,13.1,
05083,AR,Logan,13.1,
05085,AR,Lonoke,13.1,
05087,AR,Madison,13.1,
05089,AR,Marion,13.1,
05091,AR,Miller,13.1,
05093,AR,Mississippi,13.1,
05095,AR,Monroe,13.1,
05097,AR,Montgomery,13.1,
05099,AR,Nevada,13.1,
05101,AR,Newton,13.1,
05103,AR,Ouachita,13.1,
05105,AR,Perry,13.1,
05107,AR,Phillips,13.1,
05109,AR,Pike,13.1,
05111,AR,Poinsett,13.1,
05113,AR,Polk,13.1,
05115,AR,Pope,13.1,
05117,AR,Prairie,13.1,
05119,AR,Pulaski,13.1,
05121,AR,Randolph,13.1,
05123,AR,St. Francis,13.1,
05125,AR,Saline,13.1,
05127,AR,Scott,13.1,
05129,AR,Searcy,13.1,
05131,AR,Sebastian,13.1,
05133,AR,Sevier,13.1,
05135,AR,Sharp,13.1,
05137,AR,Stone,13.1,
05139,AR,Union,13.1,
05141,AR,Van Buren,13.1,
05143,AR,Washington,13.1,
05145,AR,White,13.1,
05147,AR,Woodruff,13.1,
05149,AR,Yell,13.1,
06001,CA,Alameda,11.2,
06003,CA,Alpine,11.2,
06005,CA,Amador,11.2,
06007,CA,Butte,11.2,
06009,CA,Calaveras,11.2,
06011,CA,Colusa,11.2,
06013,CA,Contra Costa,11.2,
06015,CA,Del Norte,11.2,
06017,CA,El Dorado,11.2,
06019,CA,Fresno,11.2,
06021,CA,Glenn,11.2,
06023,CA,Humboldt,11.2,
06025,CA,Imperial,11.2,
06027,CA,Inyo,11.2,
06029,CA,Kern,11.2,
06031,CA,Kings,11.2,
06033,CA,Lake,11.2,
06035,CA,Lassen,11.2,
06037,CA,Los Angeles,11.2,
06039,CA,Madera,11.2,
06041,CA,Marin,11.2,
06043,CA,Mariposa,11.2,
06045,CA,Mendocino,11.2,
06047,CA,Merced,11.2,
06049,CA,Modoc,11.2,
06051,CA,Mono,11.2,
06053,CA,Monterey,11.2,
06055,CA,Napa,11.2,
06057,CA,Nevada,11.2,
06059,CA,Orange,11.2,
06061,CA,Placer,11.2,
06063,CA,Plumas,11.2,
06065,CA,Riverside,11.2,
06067,CA,Sacramento,11.2,
06069,CA,San Benito,11.2,
06071,CA,San Bernardino,11.2,
06073,CA,San Diego,11.2,
06075,CA,San Francisco,11.2,
06077,CA,San Joaquin,11.2,
06079,CA,San Luis Obispo,11.2,
06081,CA,San Mateo,11.2,
06083,CA,Santa Barbara,11.2,
06085,CA,Santa Clara,11.2,
06087,CA,Santa Cruz,11.2,
06089,CA,Shasta,11.2,
06091,CA,Sierra,11.2,
06093,CA,Siskiyou,11.2,
06095,CA,Solano,11.2,
06097,CA,Sonoma,11.2,
06099,CA,Stanislaus,11.2,
06101,CA,Sutter,11.2,
06103,CA,Tehama,11.2,
06105,CA,Trinity,11.2,
06107,CA,Tulare,11.2,
06109,CA,Tuolumne,11.2,
06111,CA,Ventura,11.2,
06113,CA,Yolo,11.2,
06115,CA,Yuba,11.2,
08001,CO,Adams,9.2,
08003,CO,Alamosa,9.2,
08005,CO,Arapahoe,9.2,
08007,CO,Archuleta,9.2,
08009,CO,Baca,9.2,
08011,CO,Bent,9.2,
08013,CO,Boulder,9.2,
08014,CO,Broomfield,9.2,
08015,CO,Chaffee,9.2,
08017,CO,Cheyenne,9.2,
08019,CO,Clear Creek,9.2,
08021,CO,Conejos,9.2,
08023,CO,Costilla,9.2,
08025,CO,Crowley,9.2,
08027,CO,Custer,9.2,
08029,CO,Delta,9.2,
08031,CO,Denver,9.2,
08033,CO,Dolores,9.2,
08035,CO,Douglas,9.2,
08037,CO,Eagle,9.2,
08039,CO,Elbert,9.2,
08041,CO,El Paso,9.2,
08043,CO,Fremont,9.2,
08045,CO,Garfield,9.2,
08047,CO,Gilpin,9.2,
08049,CO,Grand,9.2,
08051,CO,Gunnison,9.2,
08053,CO,Hinsdale,9.2,
08055,CO,Huerfano,9.2,
08057,CO,Jackson,9.2,
08059,CO,Jefferson,9.2,
08061,CO,Kiowa,9.2,
08063,CO,Kit Carson,9.2,
08065,CO,Lake,9.2,
08067,CO,La Plata,9.2,
08069,CO,Larimer,9.2,
08071,CO,Las Animas,9.2,
08073,CO,Lincoln,9.2,
08075,CO,Logan,9.2,
08077,CO,Mesa,9.2,
08079,CO,Mineral,9.2,
08081,CO,Moffat,9.2,
08083,CO,Montezuma,9.2,
08085,CO,Montrose,9.2,
08087,CO,Morgan,9.2,
08089,CO,Otero,9.2,
08091,CO,Ouray,9.2,
08093,CO,Park,9.2,
08095,CO,Phillips,9.2,
08097,CO,Pitkin,9.2,
08099,CO,Prowers,9.2,
08101,CO,Pueblo,9.2,
08103,CO,Rio Blanco,9.2,
08105,CO,Rio Grande,9.2,
08107,CO,Routt,9.2,
08109,CO,Saguache,9.2,
08111,CO,San Juan,9.2,
08113,CO,San Miguel,9.2,
08115,CO,Sedgwick,9.2,
08117,CO,Summit,9.2,
08119,CO,Teller,9.2,
08121,CO,Washington,9.2,
08123,CO,Weld,9.2,
08125,CO,Yuma,9.2,
09001,CT,Fairfield,12.2,
09003,CT,Hartford,12.2,
09005,CT,Litchfield,12.2,
09007,CT,Middlesex,12.2,
09009,CT,New Haven,12.2,
09011,CT,New London,12.2,
09013,CT,Tolland,12.2,
09015,CT,Windham,12.2,
10001,DE,Kent,11.2,
10003,DE,New Castle,11.2,
10005,DE,Sussex,11.2,
11001,DC,District of Columbia,11.1,
12001,FL,Alachua,11.9,
12003,FL,Baker,11.9,
12005,FL,Bay,11.9,
12007,FL,Bradford,11.9,
12009,FL,Brevard,11.9,
12011,FL,Broward,11.9,
12013,FL,Calhoun,11.9,
12015,FL,Charlotte,11.9,
12017,FL,Citrus,11.9,
12019,FL,Clay,11.9,
12021,FL,Collier,11.9,
12023,FL,Columbia,11.9,
12027,FL,DeSoto,11.9,
12029,FL,Dixie,11.9,
12031,FL,Duval,11.9,
12033,FL,Escambia,11.9,
12035,FL,Flagler,11.9,
12037,FL,Franklin,11.9,
12039,FL,Gadsden,11.9,
12041,FL,Gilchrist,11.9,
12043,FL,Glades,11.9,
12045,FL,Gulf,11.9,
12047,FL,Hamilton,11.9,
12049,FL,Hardee,11.9,
12051,FL,Hendry,11.9,
12053,FL,Hernando,11.9,
12055,FL,Highlands,11.9,
12057,FL,Hillsborough,11.9,
12059,FL,Holmes,11.9,
12061,FL,Indian River,11.9,
12063,FL,Jackson,11.9,
12065,FL,Jefferson,11.9,
12067,FL,Lafayette,11.9,
12069,FL,Lake,11.9,
12071,FL,Lee,11.9,
12073,FL,Leon,11.9,
12075,FL,Levy,11.9,
12077,FL,Liberty,11.9,
12079,FL,Madison,11.9,
12081,FL,Manatee,11.9,
12083,FL,Marion,11.9,
12085,FL,Martin,11.9,
12086,FL,Miami-Dade,11.9,
12087,FL,Monroe,11.9,
12089,FL,Nassau,11.9,
12091,FL,Okaloosa,11.9,
12093,FL,Okeechobee,11.9,
12095,FL,Orange,11.9,
12097,FL,Osceola,11.9,
12099,FL,Palm Beach,11.9,
12101,FL,Pasco,11.9,
12103,FL,Pinellas,11.9,
12105,FL,Polk,11.9,
12107,FL,Putnam,11.9,
12109,FL,St. Johns,11.9,
12111,FL,St. Lucie,11.9,
12113,FL,Santa Rosa,11.9,
12115,FL,Sarasota,11.9,
12117,FL,Seminole,11.9,
12119,FL,Sumter,11.9,
12121,FL,Suwannee,11.9,
12123,FL,Taylor,11.9,
12125,FL,Union,11.9,
12127,FL,Volusia,11.9,
12129,FL,Wakulla,11.9,
12131,FL,Walton,11.9,
12133,FL,Washington,11.9,
13001,GA,Appling,13,
13003,GA,Atkinson,13,
13005,GA,Bacon,13,
13007,GA,Baker,13,
13009,GA,Baldwin,13,
13011,GA,Banks,13,
13013,GA,Barrow,13,
13015,GA,Bartow,13,
13017,GA,Ben Hill,13,
13019,GA,Berrien,13,
13021,GA,Bibb,13,
13023,GA,Bleckley,13,
13025,GA,Brantley,13,
13027,GA,Brooks,13,
13029,GA,Bryan,13,
13031,GA,Bulloch,13,
13033,GA,Burke,13,
13035,GA,Butts,13,
13037,GA,Calhoun,13,
13039,GA,Camden,13,
13043,GA,Candler,13,
13045,GA,Carroll,13,
13047,GA,Catoosa,13,
13049,GA,Charlton,13,
13051,GA,Chatham,13,
13053,GA,Chattahoochee,13,
13055,GA,Chattooga,13,
13057,GA,Cherokee,13,
13059,GA,Clarke,13,
13061,GA,Clay,13,
13063,GA,Clayton,13,
13065,GA,Clinch,13,
13067,GA,Cobb,13,
13069,GA,Coffee,13,
13071,GA,Colquitt,13,
13073,GA,Columbia,13,
13075,GA,Cook,13,
13077,GA,Coweta,13,
13079,GA,Crawford,13,
13081,GA,Crisp,13,
13083,GA,Dade,13,
13085,GA,Dawson,13,
13087,GA,Decatur,13,
13089,GA,DeKalb,13,
13091,GA,Dodge,13,
13093,GA,Dooly,13,
13095,GA,Dougherty,13,
13097,GA,Douglas,13,
13099,GA,Early,13,
13101,GA,Echols,13,
13103,GA,Effingham,13,
13105,GA,Elbert,13,
13107,GA,Emanuel,13,
13109,GA,Evans,13,
13111,GA,Fannin,13,
13113,GA,Fayette,13,
13115,GA,Floyd,13,
13117,GA,Forsyth,13,
13119,GA,Franklin,13,
13121,GA,Fulton,13,
13123,GA,Gilmer,13,
13125,GA,Glascock,13,
13127,GA,Glynn,13,
13129,GA,Gordon,13,
13131,GA,Grady,13,
13133,GA,Greene,13,
13135,GA,Gwinnett,13,
13137,GA,Habersham,13,
13139,GA,Hall,13,
13141,GA,Hancock,13,
13143,GA,Haralson,13,
13145,GA,Harris,13,
13147,GA,Hart,13,
13149,GA,Heard,13,
13151,GA,Henry,13,
13153,GA,Houston,13,
13155,GA,Irwin,13,
13157,GA,Jackson,13,
13159,GA,Jasper,13,
13161,GA,Jeff Davis,13,
13163,GA,Jefferson,13,
13165,GA,Jenkins,13,
13167,GA,Johnson,13,
13169,GA,Jones,13,
13171,GA,Lamar,13,
13173,GA,Lanier,13,
13175,GA,Laurens,13,
13177,GA,Lee,13,
13179,GA,Liberty,13,
13181,GA,Lincoln,13,
13183,GA,Long,13,
13185,GA,Lowndes,13,
13187,GA,Lumpkin,13,
13189,GA,McDuffie,13,
13191,GA,McIntosh,13,
13193,GA,Macon,13,
13195,GA,Madison,13,
13197,GA,Marion,13,
13199,GA,Meriwether,13,
13201,GA,Miller,13,
13205,GA,Mitchell,13,
13207,GA,Monroe,13,
13209,GA,Montgomery,13,
13211,GA,Morgan,13,
13213,GA,Murray,13,
13215,GA,Muscogee,13,
13217,GA,Newton,13,
13219,GA,Oconee,13,
13221,GA,Oglethorpe,13,
13223,GA,Paulding,13,
13225,GA,Peach,13,
13227,GA,Pickens,13,
13229,GA,Pierce,13,
13231,GA,Pike,13,
13233,GA,Polk,13,
13235,GA,Pulaski,13,
13237,GA,Putnam,13,
13239,GA,Quitman,13,
13241,GA,Rabun,13,
13243,GA,Randolph,13,
13245,GA,Richmond,13,
13247,GA,Rockdale,13,
13249,GA,Schley,13,
13251,GA,Screven,13,
13253,GA,Seminole,13,
13255,GA,Spalding,13,
13257,GA,Stephens,13,
13259,GA,Stewart,13,
13261,GA,Sumter,13,
13263,GA,Talbot,13,
13265,GA,Taliaferro,13,
13267,GA,Tattnall,13,
13269,GA,Taylor,13,
13271,GA,Telfair,13,
13273,GA,Terrell,13,
13275,GA,Thomas,13,
13277,GA,Tift,13,
13279,GA,Toombs,13,
13281,GA,Towns,13,
13283,GA,Treutlen,13,
13285,GA,Troup,13,
13287,GA,Turner,13,
13289,GA,Twiggs,13,
13291,GA,Union,13,
13293,GA,Upson,13,
13295,GA,Walker,13,
13297,GA,Walton,13,
13299,GA,Ware,13,
13301,GA,Warren,13,
13303,GA,Washington,13,
13305,GA,Wayne,13,
13307,GA,Webster,13,
13309,GA,Wheeler,13,
13311,GA,White,13,
13313,GA,Whitfield,13,
13315,GA,Wilcox,13,
13317,GA,Wilkes,13,
13319,GA,Wilkinson,13,
13321,GA,Worth,13,
15001,HI,Hawaii,7.4,
15003,HI,Honolulu,7.4,
15005,HI,Kalawao,7.4,
15007,HI,Kauai,7.4,
15009,HI,Maui,7.4,
16001,ID,Ada,10.5,
16003,ID,Adams,10.5,
16005,ID,Bannock,10.5,
16007,ID,Bear Lake,10.5,
16009,ID,Benewah,10.5,
16011,ID,Bingham,10.5,
16013,ID,Blaine,10.5,
16015,ID,Boise,10.5,
16017,ID,Bonner,10.5,
16019,ID,Bonneville,10.5,
16021,ID,Boundary,10.5,
16023,ID,Butte,10.5,
16025,ID,Camas,10.5,
16027,ID,Canyon,10.5,
16029,ID,Caribou,10.5,
16031,ID,Cassia,10.5,
16033,ID,Clark,10.5,
16035,ID,Clearwater,10.5,
16037,ID,Custer,10.5,
16039,ID,Elmore,10.5,
16041,ID,Franklin,10.5,
16043,ID,Fremont,10.5,
16045,ID,Gem,10.5,
16047,ID,Gooding,10.5,
16049,ID,Idaho,10.5,
16051,ID,Jefferson,10.5,
16053,ID,Jerome,10.5,
16055,ID,Kootenai,10.5,
16057,ID,Latah,10.5,
16059,ID,Lemhi,10.5,
16061,ID,Lewis,10.5,
16063,ID,Lincoln,10.5,
16065,ID,Madison,10.5,
16067,ID,Minidoka,10.5,
16069,ID,Nez Perce,10.5,
16071,ID,Oneida,10.5,
16073,ID,Owyhee,10.5,
16075,ID,Payette,10.5,
16077,ID,Power,10.5,
16079,ID,Shoshone,10.5,
16081,ID,Teton,10.5,
16083,ID,Twin Falls,10.5,
16085,ID,Valley,10.5,
16087,ID,Washington,10.5,
17001,IL,Adams,11,
17003,IL,Alexander,11,
17005,IL,Bond,11,
17007,IL,Boone,11,
17009,IL,Brown,11,
17011,IL,Bureau,11,
17013,IL,Calhoun,11,
17015,IL,Carroll,11,
17017,IL,Cass,11,
17019,IL,Champaign,11,
17021,IL,Christian,11,
17023,IL,Clark,11,
17025,IL,Clay,11,
17027,IL,Clinton,11,
17029,IL,Coles,11,
17031,IL,Cook,11,
17033,IL,Crawford,11,
17035,IL,Cumberland,11,
17037,IL,DeKalb,11,
17039,IL,De Witt,11,
17041,IL,Douglas,11,
17043,IL,DuPage,11,
17045,IL,Edgar,11,
17047,IL,Edwards,11,
17049,IL,Effingham,11,
17051,IL,Fayette,11,
17053,IL,Ford,11,
17055,IL,Franklin,11,
17057,IL,Fulton,11,
17059,IL,Gallatin,11,
17061,IL,Greene,11,
17063,IL,Grundy,11,
17065,IL,Hamilton,11,
17067,IL,Hancock,11,
17069,IL,Hardin,11,
17071,IL,Henderson,11,
17073,IL,Henry,11,
17075,IL,Iroquois,11,
17077,IL,Jackson,11,
17079,IL,Jasper,11,
17081,IL,Jefferson,11,
17083,IL,Jersey,11,
17085,IL,Jo Daviess,11,
17087,IL,Johnson,11,
17089,IL,Kane,11,
17091,IL,Kankakee,11,
17093,IL,Kendall,11,
17095,IL,Knox,11,
17097,IL,Lake,11,
17099,IL,LaSalle,11,
17101,IL,Lawrence,11,
17103,IL,Lee,11,
17105,IL,Livingston,11,
17107,IL,Logan,11,
17109,IL,McDonough,11,
17111,IL,McHenry,11,
17113,IL,McLean,11,
17115,IL,Macon,11,
17117,IL,Macoupin,11,
17119,IL,Madison,11,
17121,IL,Marion,11,
17123,IL,Marshall,11,
17125,IL,Mason,11,
17127,IL,Massac,11,
17129,IL,Menard,11,
17131,IL,Mercer,11,
17133,IL,Monroe,11,
17135,IL,Montgomery,11,
17137,IL,Morgan,11,
17139,IL,Moultrie,11,
17141,IL,Ogle,11,
17143,IL,Peoria,11,
17145,IL,Perry,11,
17147,IL,Piatt,11,
17149,IL,Pike,11,
17151,IL,Pope,11,
17153,IL,Pulaski,11,
17155,IL,Putnam,11,
17157,IL,Randolph,11,
17159,IL,Richland,11,
17161,IL,Rock Island,11,
17163,IL,St. Clair,11,
17165,IL,Saline,11,
17167,IL,Sangamon,11,
17169,IL,Schuyler,11,
17171,IL,Scott,11,
17173,IL,Shelby,11,
17175,IL,Stark,11,
17177,IL,Stephenson,11,
17179,IL,Tazewell,11,
17181,IL,Union,11,
17183,IL,Vermilion,11,
17185,IL,Wabash,11,
17187,IL,Warren,11,
17189,IL,Washington,11,
17191,IL,Wayne,11,
17193,IL,White,11,
17195,IL,Whiteside,11,
17197,IL,Will,11,
17199,IL,Williamson,11,
17201,IL,Winnebago,11,
17203,IL,Woodford,11,
18001,IN,Adams,11.2,
18003,IN,Allen,11.2,
18005,IN,Bartholomew,11.2,
18007,IN,Benton,11.2,
18009,IN,Blackford,11.2,
18011,IN,Boone,11.2,
18013,IN,Brown,11.2,
18015,IN,Carroll,11.2,
18017,IN,Cass,11.2,
18019,IN,Clark,11.2,
18021,IN,Clay,11.2,
18023,IN,Clinton,11.2,
18025,IN,Crawford,11.2,
18027,IN,Daviess,11.2,
18029,IN,Dearborn,11.2,
18031,IN,Decatur,11.2,
18033,IN,DeKalb,11.2,
18035,IN,Delaware,11.2,
18037,IN,Dubois,11.2,
18039,IN,Elkhart,11.2,
18041,IN,Fayette,11.2,
18043,IN,Floyd,11.2,
18045,IN,Fountain,11.2,
18047,IN,Franklin,11.2,
18049,IN,Fulton,11.2,
18051,IN,Gibson,11.2,
18053,IN,Grant,11.2,
18055,IN,Greene,11.2,
18057,IN,Hamilton,11.2,
18059,IN,Hancock,11.2,
18061,IN,Harrison,11.2,
18063,IN,Hendricks,11.2,
18065,IN,Henry,11.2,
18067,IN,Howard,11.2,
18069,IN,Huntington,11.2,
18071,IN,Jackson,11.2,
18073,IN,Jasper,11.2,
18075,IN,Jay,11.2,
18077,IN,Jefferson,11.2,
18079,IN,Jennings,11.2,
18081,IN,Johnson,11.2,
18083,IN,Knox,11.2,
18085,IN,Kosciusko,11.2,
18087,IN,LaGrange,11.2,
18089,IN,Lake,11.2,
18091,IN,LaPorte,11.2,
18093,IN,Lawrence,11.2,
18095,IN,Madison,11.2,
18097,IN,Marion,11.2,
18099,IN,Marshall,11.2,
18101,IN,Martin,11.2,
18103,IN,Miami,11.2,
18105,IN,Monroe,11.2,
18107,IN,Montgomery,11.2,
18109,IN,Morgan,11.2,
18111,IN,Newton,11.2,
18113,IN,Noble,11.2,
18115,IN,Ohio,11.2,
18117,IN,Orange,11.2,
18119,IN,Owen,11.2,
18121,IN,Parke,11.2,
18123,IN,Perry,11.2,
18125,IN,Pike,11.2,
18127,IN,Porter,11.2,
18129,IN,Posey,11.2,
18131,IN,Pulaski,11.2,
18133,IN,Putnam,11.2,
18135,IN,Randolph,11.2,
18137,IN,Ripley,11.2,
18139,IN,Rush,11.2,
18141,IN,St. Joseph,11.2,
18143,IN,Scott,11.2,
18145,IN,Shelby,11.2,
18147,IN,Spencer,11.2,
18149,IN,Starke,11.2,
18151,IN,Steuben,11.2,
18153,IN,Sullivan,11.2,
18155,IN,Switzerland,11.2,
18157,IN,Tippecanoe,11.2,
18159,IN,Tipton,11.2,
18161,IN,Union,11.2,
18163,IN,Vanderburgh,11.2,
18165,IN,Vermillion,11.2,
18167,IN,Vigo,11.2,
18169,IN,Wabash,11.2,
18171,IN,Warren,11.2,
18173,IN,Warrick,11.2,
18175,IN,Washington,11.2,
18177,IN,Wayne,11.2,
18179,IN,Wells,11.2,
18181,IN,White,11.2,
18183,IN,Whitley,11.2,
19001,IA,Adair,13.6,
19003,IA,Adams,13.6,
19005,IA,Allamakee,13.6,
19007,IA,Appanoose,13.6,
19009,IA,Audubon,13.6,
19011,IA,Benton,13.6,
19013,IA,Black Hawk,13.6,
19015,IA,Boone,13.6,
19017,IA,Bremer,13.6,
19019,IA,Buchanan,13.6,
19021,IA,Buena Vista,13.6,
19023,IA,Butler,13.6,
19025,IA,Calhoun,13.6,
19027,IA,Carroll,13.6,
19029,IA,Cass,13.6,
19031,IA,Cedar,13.6,
19033,IA,Cerro Gordo,13.6,
19035,IA,Cherokee,13.6,
19037,IA,Chickasaw,13.6,
19039,IA,Clarke,13.6,
19041,IA,Clay,13.6,
19043,IA,Clayton,13.6,
19045,IA,Clinton,13.6,
19047,IA,Crawford,13.6,
19049,IA,Dallas,13.6,
19051,IA,Davis,13.6,
19053,IA,Decatur,13.6,
19055,IA,Delaware,13.6,
19057,IA,Des Moines,13.6,
19059,IA,Dickinson,13.6,
19061,IA,Dubuque,13.6,
19063,IA,Emmet,13.6,
19065,IA,Fayette,13.6,
19067,IA,Floyd,13.6,
19069,IA,Franklin,13.6,
19071,IA,Fremont,13.6,
19073,IA,Greene,13.6,
19075,IA,Grundy,13.6,
19077,IA,Guthrie,13.6,
19079,IA,Hamilton,13.6,
19081,IA,Hancock,13.6,
19083,IA,Hardin,13.6,
19085,IA,Harrison,13.6,
19087,IA,Henry,13.6,
19089,IA,Howard,13.6,
19091,IA,Humboldt,13.6,
19093,IA,Ida,13.6,
19095,IA,Iowa,13.6,
19097,IA,Jackson,13.6,
19099,IA,Jasper,13.6,
19101,IA,Jefferson,13.6,
19103,IA,Johnson,13.6,
19105,IA,Jones,13.6,
19107,IA,Keokuk,13.6,
19109,IA,Kossuth,13.6,
19111,IA,Lee,13.6,
19113,IA,Linn,13.6,
19115,IA,Louisa,13.6,
19117,IA,Lucas,13.6,
19119,IA,Lyon,13.6,
19121,IA,Madison,13.6,
19123,IA,Mahaska,13.6,
19125,IA,Marion,13.6,
19127,IA,Marshall,13.6,
19129,IA,Mills,13.6,
19131,IA,Mitchell,13.6,
19133,IA,Monona,13.6,
19135,IA,Monroe,13.6,
19137,IA,Montgomery,13.6,
19139,IA,Muscatine,13.6,
19141,IA,O'Brien,13.6,
19143,IA,Osceola,13.6,
19145,IA,Page,13.6,
19147,IA,Palo Alto,13.6,
19149,IA,Plymouth,13.6,
19151,IA,Pocahontas,13.6,
19153,IA,Polk,13.6,
19155,IA,Pottawattamie,13.6,
19157,IA,Poweshiek,13.6,
19159,IA,Ringgold,13.6,
19161,IA,Sac,13.6,
19163,IA,Scott,13.6,
19165,IA,Shelby,13.6,
19167,IA,Sioux,13.6,
19169,IA,Story,13.6,
19171,IA,Tama,13.6,
19173,IA,Taylor,13.6,
19175,IA,Union,13.6,
19177,IA,Van Buren,13.6,
19179,IA,Wapello,13.6,
19181,IA,Warren,13.6,
19183,IA,Washington,13.6,
19185,IA,Wayne,13.6,
19187,IA,Webster,13.6,
19189,IA,Winnebago,13.6,
19191,IA,Winneshiek,13.6,
19193,IA,Woodbury,13.6,
19195,IA,Worth,13.6,
19197,IA,Wright,13.6,
20001,KS,Allen,13.3,
20003,KS,Anderson,13.3,
20005,KS,Atchison,13.3,
20007,KS,Barber,13.3,
20009,KS,Barton,13.3,
20011,KS,Bourbon,13.3,
20013,KS,Brown,13.3,
20015,KS,Butler,13.3,
20017,KS,Chase,13.3,
20019,KS,Chautauqua,13.3,
20021,KS,Cherokee,13.3,
20023,KS,Cheyenne,13.3,
20025,KS,Clark,13.3,
20027,KS,Clay,13.3,
20029,KS,Cloud,13.3,
20031,KS,Coffey,13.3,
20033,KS,Comanche,13.3,
20035,KS,Cowley,13.3,
20037,KS,Crawford,13.3,
20039,KS,Decatur,13.3,
20041,KS,Dickinson,13.3,
20043,KS,Doniphan,13.3,
20045,KS,Douglas,13.3,
20047,KS,Edwards,13.3,
20049,KS,Elk,13.3,
20051,KS,Ellis,13.3,
20053,KS,Ellsworth,13.3,
20055,KS,Finney,13.3,
20057,KS,Ford,13.3,
20059,KS,Franklin,13.3,
20061,KS,Geary,13.3,
20063,KS,Gove,13.3,
20065,KS,Graham,13.3,
20067,KS,Grant,13.3,
20069,KS,Gray,13.3,
20071,KS,Greeley,13.3,
20073,KS,Greenwood,13.3,
20075,KS,Hamilton,13.3,
20077,KS,Harper,13.3,
20079,KS,Harvey,13.3,
20081,KS,Haskell,13.3,
20083,KS,Hodgeman,13.3,
20085,KS,Jackson,13.3,
20087,KS,Jefferson,13.3,
20089,KS,Jewell,13.3,
20091,KS,Johnson,13.3,
20093,KS,Kearny,13.3,
20095,KS,Kingman,13.3,
20097,KS,Kiowa,13.3,
20099,KS,Labette,13.3,
20101,KS,Lane,13.3,
20103,KS,Leavenworth,13.3,
20105,KS,Lincoln,13.3,
20107,KS,Linn,13.3,
20109,KS,Logan,13.3,
20111,KS,Lyon,13.3,
20113,KS,McPherson,13.3,
20115,KS,Marion,13.3,
20117,KS,Marshall,13.3,
20119,KS,Meade,13.3,
20121,KS,Miami,13.3,
20123,KS,Mitchell,13.3,
20125,KS,Montgomery,13.3,
20127,KS,Morris,13.3,
20129,KS,Morton,13.3,
20131,KS,Nemaha,13.3,
20133,KS,Neosho,13.3,
20135,KS,Ness,13.3,
20137,KS,Norton,13.3,
20139,KS,Osage,13.3,
20141,KS,Osborne,13.3,
20143,KS,Ottawa,13.3,
20145,KS,Pawnee,13.3,
20147,KS,Phillips,13.3,
20149,KS,Pottawatomie,13.3,
20151,KS,Pratt,13.3,
20153,KS,Rawlins,13.3,
20155,KS,Reno,13.3,
20157,KS,Republic,13.3,
20159,KS,Rice,13.3,
20161,KS,Riley,13.3,
20163,KS,Rooks,13.3,
20165,KS,Rush,13.3,
20167,KS,Russell,13.3,
20169,KS,Saline,13.3,
20171,KS,Scott,13.3,
20173,KS,Sedgwick,13.3,
20175,KS,Seward,13.3,
20177,KS,Shawnee,13.3,
20179,KS,Sheridan,13.3,
20181,KS,Sherman,13.3,
20183,KS,Smith,13.3,
20185,KS,Stafford,13.3,
20187,KS,Stanton,13.3,
20189,KS,Stevens,13.3,
20191,KS,Sumner,13.3,
20193,KS,Thomas,13.3,
20195,KS,Trego,13.3,
20197,KS,Wabaunsee,13.3,
20199,KS,Wallace,13.3,
20201,KS,Washington,13.3,
20203,KS,Wichita,13.3,
20205,KS,Wilson,13.3,
20207,KS,Woodson,13.3,
20209,KS,Wyandotte,13.3,
21001,KY,Adair,14.7,
21003,KY,Allen,14.7,
21005,KY,Anderson,14.7,
21007,KY,Ballard,14.7,
21009,KY,Barren,14.7,
21011,KY,Bath,14.7,
21013,KY,Bell,14.7,
21015,KY,Boone,14.7,
21017,KY,Bourbon,14.7,
21019,KY,Boyd,14.7,
21021,KY,Boyle,14.7,
21023,KY,Bracken,14.7,
21025,KY,Breathitt,14.7,
21027,KY,Breckinridge,14.7,
21029,KY,Bullitt,14.7,
21031,KY,Butler,14.7,
21033,KY,Caldwell,14.7,
21035,KY,Calloway,14.7,
21037,KY,Campbell,14.7,
21039,KY,Carlisle,14.7,
21041,KY,Carroll,14.7,
21043,KY,Carter,14.7,
21045,KY,Casey,14.7,
21047,KY,Christian,14.7,
21049,KY,Clark,14.7,
21051,KY,Clay,14.7,
21053,KY,Clinton,14.7,
21055,KY,Crittenden,14.7,
21057,KY,Cumberland,14.7,
21059,KY,Daviess,14.7,
21061,KY,Edmonson,14.7,
21063,KY,Elliott,14.7,
21065,KY,Estill,14.7,
21067,KY,Fayette,14.7,
21069,KY,Fleming,14.7,
21071,KY,Floyd,14.7,
21073,KY,Franklin,14.7,
21075,KY,Fulton,14.7,
21077,KY,Gallatin,14.7,
21079,KY,Garrard,14.7,
21081,KY,Grant,14.7,
21083,KY,Graves,14.7,
21085,KY,Grayson,14.7,
21087,KY,Green,14.7,
21089,KY,Greenup,14.7,
21091,KY,Hancock,14.7,
21093,KY,Hardin,14.7,
21095,KY,Harlan,14.7,
21097,KY,Harrison,14.7,
21099,KY,Hart,14.7,
21101,KY,Henderson,14.7,
21103,KY,Henry,14.7,
21105,KY,Hickman,14.7,
21107,KY,Hopkins,14.7,
21109,KY,Jackson,14.7,
21111,KY,Jefferson,14.7,
21113,KY,Jessamine,14.7,
21115,KY,Johnson,14.7,
21117,KY,Kenton,14.7,
21119,KY,Knott,14.7,
21121,KY,Knox,14.7,
21123,KY,Larue,14.7,
21125,KY,Laurel,14.7,
21127,KY,Lawrence,14.7,
21129,KY,Lee,14.7,
21131,KY,Leslie,14.7,
21133,KY,Letcher,14.7,
21135,KY,Lewis,14.7,
21137,KY,Lincoln,14.7,
21139,KY,Livingston,14.7,
21141,KY,Logan,14.7,
21143,KY,Lyon,14.7,
21145,KY,McCracken,14.7,
21147,KY,McCreary,14.7,
21149,KY,McLean,14.7,
21151,KY,Madison,14.7,
21153,KY,Magoffin,14.7,
21155,KY,Marion,14.7,
21157,KY,Marshall,14.7,
21159,KY,Martin,14.7,
21161,KY,Mason,14.7,
21163,KY,Meade,14.7,
21165,KY,Menifee,14.7,
21167,KY,Mercer,14.7,
21169,KY,Metcalfe,14.7,
21171,KY,Monroe,14.7,
21173,KY,Montgomery,14.7,
21175,KY,Morgan,14.7,
21177,KY,Muhlenberg,14.7,
21179,KY,Nelson,14.7,
21181,KY,Nicholas,14.7,
21183,KY,Ohio,14.7,
21185,KY,Oldham,14.7,
21187,KY,Owen,14.7,
21189,KY,Owsley,14.7,
21191,KY,Pendleton,14.7,
21193,KY,Perry,14.7,
21195,KY,Pike,14.7,
21197,KY,Powell,14.7,
21199,KY,Pulaski,14.7,
21201,KY,Robertson,14.7,
21203,KY,Rockcastle,14.7,
21205,KY,Rowan,14.7,
21207,KY,Russell,14.7,
21209,KY,Scott,14.7,
21211,KY,Shelby,14.7,
21213,KY,Simpson,14.7,
21215,KY,Spencer,14.7,
21217,KY,Taylor,14.7,
21219,KY,Todd,14.7,
21221,KY,Trigg,14.7,
21223,KY,Trimble,14.7,
21225,KY,Union,14.7,
21227,KY,Warren,14.7,
21229,KY,Washington,14.7,
21231,KY,Wayne,14.7,
21233,KY,Webster,14.7,
21235,KY,Whitley,14.7,
21237,KY,Wolfe,14.7,
21239,KY,Woodford,14.7,
22001,LA,Acadia,17.3,
22003,LA,Allen,17.3,
22005,LA,Ascension,17.3,
22007,LA,Assumption,17.3,
22009,LA,Avoyelles,17.3,
22011,LA,Beauregard,17.3,
22013,LA,Bienville,17.3,
22015,LA,Bossier,17.3,
22017,LA,Caddo,17.3,
22019,LA,Calcasieu,17.3,
22021,LA,Caldwell,17.3,
22023,LA,Cameron,17.3,
22025,LA,Catahoula,17.3,
22027,LA,Claiborne,17.3,
22029,LA,Concordia,17.3,
22031,LA,De Soto,17.3,
22033,LA,East Baton Rouge,17.3,
22035,LA,East Carroll,17.3,
22037,LA,East Feliciana,17.3,
22039,LA,Evangeline,17.3,
22041,LA,Franklin,17.3,
22043,LA,Grant,17.3,
22045,LA,Iberia,17.3,
22047,LA,Iberville,17.3,
22049,LA,Jackson,17.3,
22051,LA,Jefferson,17.3,
22053,LA,Jefferson Davis,17.3,
22055,LA,Lafayette,17.3,
22057,LA,Lafourche,17.3,
22059,LA,La Salle,17.3,
22061,LA,Lincoln,17.3,
22063,LA,Livingston,17.3,
22065,LA,Madison,17.3,
22067,LA,Morehouse,17.3,
22069,LA,Natchitoches,17.3,
22071,LA,Orleans,17.3,
22073,LA,Ouachita,17.3,
22075,LA,Plaquemines,17.3,
22077,LA,Pointe Coupee,17.3,
22079,LA,Rapides,17.3,
22081,LA,Red River,17.3,
22083,LA,Richland,17.3,
22085,LA,Sabine,17.3,
22087,LA,St. Bernard,17.3,
22089,LA,St. Charles,17.3,
22091,LA,St. Helena,17.3,
22093,LA,St. James,17.3,
22095,LA,St. John the Baptist,17.3,
22097,LA,St. Landry,17.3,
22099,LA,St. Martin,17.3,
22101,LA,St. Mary,17.3,
22103,LA,St. Tammany,17.3,
22105,LA,Tangipahoa,17.3,
22107,LA,Tensas,17.3,
22109,LA,Terrebonne,17.3,
22111,LA,Union,17.3,
22113,LA,Vermilion,17.3,
22115,LA,Vernon,17.3,
22117,LA,Washington,17.3,
22119,LA,Webster,17.3,
22121,LA,West Baton Rouge,17.3,
22123,LA,West Carroll,17.3,
22125,LA,West Feliciana,17.3,
22127,LA,Winn,17.3,
23001,ME,Androscoggin,10.2,
23003,ME,Aroostook,10.2,
23005,ME,Cumberland,10.2,
23007,ME,Franklin,10.2,
23009,ME,Hancock,10.2,
23011,ME,Kennebec,10.2,
23013,ME,Knox,10.2,
23015,ME,Lincoln,10.2,
23017,ME,Oxford,10.2,
23019,ME,Penobscot,10.2,
23021,ME,Piscataquis,10.2,
23023,ME,Sagadahoc,10.2,
23025,ME,Somerset,10.2,
23027,ME,Waldo,10.2,
23029,ME,Washington,10.2,
23031,ME,York,10.2,
24001,MD,Allegany,10.4,
24003,MD,Anne Arundel,10.4,
24005,MD,Baltimore,10.4,
24009,MD,Calvert,10.4,
24011,MD,Caroline,10.4,
24013,MD,Carroll,10.4,
24015,MD,Cecil,10.4,
24017,MD,Charles,10.4,
24019,MD,Dorchester,10.4,
24021,MD,Frederick,10.4,
24023,MD,Garrett,10.4,
24025,MD,Harford,10.4,
24027,MD,Howard,10.4,
24029,MD,Kent,10.4,
24031,MD,Montgomery,10.4,
24033,MD,Prince George's,10.4,
24035,MD,Queen Anne's,10.4,
24037,MD,St. Mary's,10.4,
24039,MD,Somerset,10.4,
24041,MD,Talbot,10.4,
24043,MD,Washington,10.4,
24045,MD,Wicomico,10.4,
24047,MD,Worcester,10.4,
24510,MD,Baltimore,10.4,
25001,MA,Barnstable,14.4,
25003,MA,Berkshire,14.4,
25005,MA,Bristol,14.4,
25007,MA,Dukes,14.4,
25009,MA,Essex,14.4,
25011,MA,Franklin,14.4,
25013,MA,Hampden,14.4,
25015,MA,Hampshire,14.4,
25017,MA,Middlesex,14.4,
25019,MA,Nantucket,14.4,
25021,MA,Norfolk,14.4,
25023,MA,Plymouth,14.4,
25025,MA,Suffolk,14.4,
25027,MA,Worcester,14.4,
26001,MI,Alcona,13.6,
26003,MI,Alger,13.6,
26005,MI,Allegan,13.6,
26007,MI,Alpena,13.6,
26009,MI,Antrim,13.6,
26011,MI,Arenac,13.6,
26013,MI,Baraga,13.6,
26015,MI,Barry,13.6,
26017,MI,Bay,13.6,
26019,MI,Benzie,13.6,
26021,MI,Berrien,13.6,
26023,MI,Branch,13.6,
26025,MI,Calhoun,13.6,
26027,MI,Cass,13.6,
26029,MI,Charlevoix,13.6,
26031,MI,Cheboygan,13.6,
26033,MI,Chippewa,13.6,
26035,MI,Clare,13.6,
26037,MI,Clinton,13.6,
26039,MI,Crawford,13.6,
26041,MI,Delta,13.6,
26043,MI,Dickinson,13.6,
26045,MI,Eaton,13.6,
26047,MI,Emmet,13.6,
26049,MI,Genesee,13.6,
26051,MI,Gladwin,13.6,
26053,MI,Gogebic,13.6,
26055,MI,Grand Traverse,13.6,
26057,MI,Gratiot,13.6,
26059,MI,Hillsdale,13.6,
26061,MI,Houghton,13.6,
26063,MI,Huron,13.6,
26065,MI,Ingham,13.6,
26067,MI,Ionia,13.6,
26069,MI,Iosco,13.6,
26071,MI,Iron,13.6,
26073,MI,Isabella,13.6,
26075,MI,Jackson,13.6,
26077,MI,Kalamazoo,13.6,
26079,MI,Kalkaska,13.6,
26081,MI,Kent,13.6,
26083,MI,Keweenaw,13.6,
26085,MI,Lake,13.6,
26087,MI,Lapeer,13.6,
26089,MI,Leelanau,13.6,
26091,MI,Lenawee,13.6,
26093,MI,Livingston,13.6,
26095,MI,Luce,13.6,
26097,MI,Mackinac,13.6,
26099,MI,Macomb,13.6,
26101,MI,Manistee,13.6,
26103,MI,Marquette,13.6,
26105,MI,Mason,13.6,
26107,MI,Mecosta,13.6,
26109,MI,Menominee,13.6,
26111,MI,Midland,13.6,
26113,MI,Missaukee,13.6,
26115,MI,Monroe,13.6,
26117,MI,Montcalm,13.6,
26119,MI,Montmorency,13.6,
26121,MI,Muskegon,13.6,
26123,MI,Newaygo,13.6,
26125,MI,Oakland,13.6,
26127,MI,Oceana,13.6,
26129,MI,Ogemaw,13.6,
26131,MI,Ontonagon,13.6,
26133,MI,Osceola,13.6,
26135,MI,Oscoda,13.6,
26137,MI,Otsego,13.6,
26139,MI,Ottawa,13.6,
26141,MI,Presque Isle,13.6,
26143,MI,Roscommon,13.6,
26145,MI,Saginaw,13.6,
26147,MI,St. Clair,13.6,
26149,MI,St. Joseph,13.6,
26151,MI,Sanilac,13.6,
26153,MI,Schoolcraft,13.6,
26155,MI,Shiawassee,13.6,
26157,MI,Tuscola,13.6,
26159,MI,Van Buren,13.6,
26161,MI,Washtenaw,13.6,
26163,MI,Wayne,13.6,
26165,MI,Wexford,13.6,
27001,MN,Aitkin,9.5,
27003,MN,Anoka,9.5,
27005,MN,Becker,9.5,
27007,MN,Beltrami,9.5,
27009,MN,Benton,9.5,
27011,MN,Big Stone,9.5,
27013,MN,Blue Earth,9.5,
27015,MN,Brown,9.5,
27017,MN,Carlton,9.5,
27019,MN,Carver,9.5,
27021,MN,Cass,9.5,
27023,MN,Chippewa,9.5,
27025,MN,Chisago,9.5,
27027,MN,Clay,9.5,
27029,MN,Clearwater,9.5,
27031,MN,Cook,9.5,
27033,MN,Cottonwood,9.5,
27035,MN,Crow Wing,9.5,
27037,MN,Dakota,9.5,
27039,MN,Dodge,9.5,
27041,MN,Douglas,9.5,
27043,MN,Faribault,9.5,
27045,MN,Fillmore,9.5,
27047,MN,Freeborn,9.5,
27049,MN,Goodhue,9.5,
27051,MN,Grant,9.5,
27053,MN,Hennepin,9.5,
27055,MN,Houston,9.5,
27057,MN,Hubbard,9.5,
27059,MN,Isanti,9.5,
27061,MN,Itasca,9.5,
27063,MN,Jackson,9.5,
27065,MN,Kanabec,9.5,
27067,MN,Kandiyohi,9.5,
27069,MN,Kittson,9.5,
27071,MN,Koochiching,9.5,
27073,MN,Lac qui Parle,9.5,
27075,MN,Lake,9.5,
27077,MN,Lake of the Woods,9.5,
27079,MN,Le Sueur,9.5,
27081,MN,Lincoln,9.5,
27083,MN,Lyon,9.5,
27085,MN,McLeod,9.5,
27087,MN,Mahnomen,9.5,
27089,MN,Marshall,9.5,
27091,MN,Martin,9.5,
27093,MN,Meeker,9.5,
27095,MN,Mille Lacs,9.5,
27097,MN,Morrison,9.5,
27099,MN,Mower,9.5,
27101,MN,Murray,9.5,
27103,MN,Nicollet,9.5,
27105,MN,Nobles,9.5,
27107,MN,Norman,9.5,
27109,MN,Olmsted,9.5,
27111,MN,Otter Tail,9.5,
27113,MN,Pennington,9.5,
27115,MN,Pine,9.5,
27117,MN,Pipestone,9.5,
27119,MN,Polk,9.5,
27121,MN,Pope,9.5,
27123,MN,Ramsey,9.5,
27125,MN,Red Lake,9.5,
27127,MN,Redwood,9.5,
27129,MN,Renville,9.5,
27131,MN,Rice,9.5,
27133,MN,Rock,9.5,
27135,MN,Roseau,9.5,
27137,MN,St. Louis,9.5,
27139,MN,Scott,9.5,
27141,MN,Sherburne,9.5,
27143,MN,Sibley,9.5,
27145,MN,Stearns,9.5,
27147,MN,Steele,9.5,
27149,MN,Stevens,9.5,
27151,MN,Swift,9.5,
27153,MN,Todd,9.5,
27155,MN,Traverse,9.5,
27157,MN,Wabasha,9.5,
27159,MN,Wadena,9.5,
27161,MN,Waseca,9.5,
27163,MN,Washington,9.5,
27165,MN,Watonwan,9.5,
27167,MN,Wilkin,9.5,
27169,MN,Winona,9.5,
27171,MN,Wright,9.5,
27173,MN,Yellow Medicine,9.5,
28001,MS,Adams,12.8,
28003,MS,Alcorn,12.8,
28005,MS,Amite,12.8,
28007,MS,Attala,12.8,
28009,MS,Benton,12.8,
28011,MS,Bolivar,12.8,
28013,MS,Calhoun,12.8,
28015,MS,Carroll,12.8,
28017,MS,Chickasaw,12.8,
28019,MS,Choctaw,12.8,
28021,MS,Claiborne,12.8,
28023,MS,Clarke,12.8,
28025,MS,Clay,12.8,
28027,MS,Coahoma,12.8,
28029,MS,Copiah,12.8,
28031,MS,Covington,12.8,
28033,MS,DeSoto,12.8,
28035,MS,Forrest,12.8,
28037,MS,Franklin,12.8,
28039,MS,George,12.8,
28041,MS,Greene,12.8,
28043,MS,Grenada,12.8,
28045,MS,Hancock,12.8,
28047,MS,Harrison,12.8,
28049,MS,Hinds,12.8,
28051,MS,Holmes,12.8,
28053,MS,Humphreys,12.8,
28055,MS,Issaquena,12.8,
28057,MS,Itawamba,12.8,
28059,MS,Jackson,12.8,
28061,MS,Jasper,12.8,
28063,MS,Jefferson,12.8,
28065,MS,Jefferson Davis,12.8,
28067,MS,Jones,12.8,
28069,MS,Kemper,12.8,
28071,MS,Lafayette,12.8,
28073,MS,Lamar,12.8,
28075,MS,Lauderdale,12.8,
28077,MS,Lawrence,12.8,
28079,MS,Leake,12.8,
28081,MS,Lee,12.8,
28083,MS,Leflore,12.8,
28085,MS,Lincoln,12.8,
28087,MS,Lowndes,12.8,
28089,MS,Madison,12.8,
28091,MS,Marion,12.8,
28093,MS,Marshall,12.8,
28095,MS,Monroe,12.8,
28097,MS,Montgomery,12.8,
28099,MS,Neshoba,12.8,
28101,MS,Newton,12.8,
28103,MS,Noxubee,12.8,
28105,MS,Oktibbeha,12.8,
28107,MS,Panola,12.8,
28109,MS,Pearl River,12.8,
28111,MS,Perry,12.8,
28113,MS,Pike,12.8,
28115,MS,Pontotoc,12.8,
28117,MS,Prentiss,12.8,
28119,MS,Quitman,12.8,
28121,MS,Rankin,12.8,
28123,MS,Scott,12.8,
28125,MS,Sharkey,12.8,
28127,MS,Simpson,12.8,
28129,MS,Smith,12.8,
28131,MS,Stone,12.8,
28133,MS,Sunflower,12.8,
28135,MS,Tallahatchie,12.8,
28137,MS,Tate,12.8,
28139,MS,Tippah,12.8,
28141,MS,Tishomingo,12.8,
28143,MS,Tunica,12.8,
28145,MS,Union,12.8,
28147,MS,Walthall,12.8,
28149,MS,Warren,12.8,
28151,MS,Washington,12.8,
28153,MS,Wayne,12.8,
28155,MS,Webster,12.8,
28157,MS,Wilkinson,12.8,
28159,MS,Winston,12.8,
28161,MS,Yalobusha,12.8,
28163,MS,Yazoo,12.8,
29001,MO,Adair,17.2,
29003,MO,Andrew,17.2,
29005,MO,Atchison,17.2,
29007,MO,Audrain,17.2,
29009,MO,Barry,17.2,
29011,MO,Barton,17.2,
29013,MO,Bates,17.2,
29015,MO,Benton,17.2,
29017,MO,Bollinger,17.2,
29019,MO,Boone,17.2,
29021,MO,Buchanan,17.2,
29023,MO,Butler,17.2,
29025,MO,Caldwell,17.2,
29027,MO,Callaway,17.2,
29029,MO,Camden,17.2,
29031,MO,Cape Girardeau,17.2,
29033,MO,Carroll,17.2,
29035,MO,Carter,17.2,
29037,MO,Cass,17.2,
29039,MO,Cedar,17.2,
29041,MO,Chariton,17.2,
29043,MO,Christian,17.2,
29045,MO,Clark,17.2,
29047,MO,Clay,17.2,
29049,MO,Clinton,17.2,
29051,MO,Cole,17.2,
29053,MO,Cooper,17.2,
29055,MO,Crawford,17.2,
29057,MO,Dade,17.2,
29059,MO,Dallas,17.2,
29061,MO,Daviess,17.2,
29063,MO,DeKalb,17.2,
29065,MO,Dent,17.2,
29067,MO,Douglas,17.2,
29069,MO,Dunklin,17.2,
29071,MO,Franklin,17.2,
29073,MO,Gasconade,17.2,
29075,MO,Gentry,17.2,
29077,MO,Greene,17.2,
29079,MO,Grundy,17.2,
29081,MO,Harrison,17.2,
29083,MO,Henry,17.2,
29085,MO,Hickory,17.2,
29087,MO,Holt,17.2,
29089,MO,Howard,17.2,
29091,MO,Howell,17.2,
29093,MO,Iron,17.2,
29095,MO,Jackson,17.2,
29097,MO,Jasper,17.2,
29099,MO,Jefferson,17.2,
29101,MO,Johnson,17.2,
29103,MO,Knox,17.2,
29105,MO,Laclede,17.2,
29107,MO,Lafayette,17.2,
29109,MO,Lawrence,17.2,
29111,MO,Lewis,17.2,
29113,MO,Lincoln,17.2,
29115,MO,Linn,17.2,
29117,MO,Livingston,17.2,
29119,MO,McDonald,17.2,
29121,MO,Macon,17.2,
29123,MO,Madison,17.2,
29125,MO,Maries,17.2,
29127,MO,Marion,17.2,
29129,MO,Mercer,17.2,
29131,MO,Miller,17.2,
29133,MO,Mississippi,17.2,
29135,MO,Moniteau,17.2,
29137,MO,Monroe,17.2,
29139,MO,Montgomery,17.2,
29141,MO,Morgan,17.2,
29143,MO,New Madrid,17.2,
29145,MO,Newton,17.2,
29147,MO,Nodaway,17.2,
29149,MO,Oregon,17.2,
29151,MO,Osage,17.2,
29153,MO,Ozark,17.2,
29155,MO,Pemiscot,17.2,
29157,MO,Perry,17.2,
29159,MO,Pettis,17.2,
29161,MO,Phelps,17.2,
29163,MO,Pike,17.2,
29165,MO,Platte,17.2,
29167,MO,Polk,17.2,
29169,MO,Pulaski,17.2,
29171,MO,Putnam,17.2,
29173,MO,Ralls,17.2,
29175,MO,Randolph,17.2,
29177,MO,Ray,17.2,
29179,MO,Reynolds,17.2,
29181,MO,Ripley,17.2,
29183,MO,St. Charles,17.2,
29185,MO,St. Clair,17.2,
29186,MO,Ste. Genevieve,17.2,
29187,MO,St. Francois,17.2,
29189,MO,St. Louis,17.2,
29195,MO,Saline,17.2,
29197,MO,Schuyler,17.2,
29199,MO,Scotland,17.2,
29201,MO,Scott,17.2,
29203,MO,Shannon,17.2,
29205,MO,Shelby,17.2,
29207,MO,Stoddard,17.2,
29209,MO,Stone,17.2,
29211,MO,Sullivan,17.2,
29213,MO,Taney,17.2,
29215,MO,Texas,17.2,
29217,MO,Vernon,17.2,
29219,MO,Warren,17.2,
29221,MO,Washington,17.2,
29223,MO,Wayne,17.2,
29225,MO,Webster,17.2,
29227,MO,Worth,17.2,
29229,MO,Wright,17.2,
29510,MO,St. Louis,17.2,
30001,MT,Beaverhead,11.4,
30003,MT,Big Horn,11.4,
30005,MT,Blaine,11.4,
30007,MT,Broadwater,11.4,
30009,MT,Carbon,11.4,
30011,MT,Carter,11.4,
30013,MT,Cascade,11.4,
30015,MT,Chouteau,11.4,
30017,MT,Custer,11.4,
30019,MT,Daniels,11.4,
30021,MT,Dawson,11.4,
30023,MT,Deer Lodge,11.4,
30025,MT,Fallon,11.4,
30027,MT,Fergus,11.4,
30029,MT,Flathead,11.4,
30031,MT,Gallatin,11.4,
30033,MT,Garfield,11.4,
30035,MT,Glacier,11.4,
30037,MT,Golden Valley,11.4,
30039,MT,Granite,11.4,
30041,MT,Hill,11.4,
30043,MT,Jefferson,11.4,
30045,MT,Judith Basin,11.4,
30047,MT,Lake,11.4,
30049,MT,Lewis and Clark,11.4,
30051,MT,Liberty,11.4,
30053,MT,Lincoln,11.4,
30055,MT,McCone,11.4,
30057,MT,Madison,11.4,
30059,MT,Meagher,11.4,
30061,MT,Mineral,11.4,
30063,MT,Missoula,11.4,
30065,MT,Musselshell,11.4,
30067,MT,Park,11.4,
30069,MT,Petroleum,11.4,
30071,MT,Phillips,11.4,
30073,MT,Pondera,11.4,
30075,MT,Powder River,11.4,
30077,MT,Powell,11.4,
30079,MT,Prairie,11.4,
30081,MT,Ravalli,11.4,
30083,MT,Richland,11.4,
30085,MT,Roosevelt,11.4,
30087,MT,Rosebud,11.4,
30089,MT,Sanders,11.4,
30091,MT,Sheridan,11.4,
30093,MT,Silver Bow,11.4,
30095,MT,Stillwater,11.4,
30097,MT,Sweet Grass,11.4,
30099,MT,Teton,11.4,
30101,MT,Toole,11.4,
30103,MT,Treasure,11.4,
30105,MT,Valley,11.4,
30107,MT,Wheatland,11.4,
30109,MT,Wibaux,11.4,
30111,MT,Yellowstone,11.4,
31001,NE,Adams,14.4,
31003,NE,Antelope,14.4,
31005,NE,Arthur,14.4,
31007,NE,Banner,14.4,
31009,NE,Blaine,14.4,
31011,NE,Boone,14.4,
31013,NE,Box Butte,14.4,
31015,NE,Boyd,14.4,
31017,NE,Brown,14.4,
31019,NE,Buffalo,14.4,
31021,NE,Burt,14.4,
31023,NE,Butler,14.4,
31025,NE,Cass,14.4,
31027,NE,Cedar,14.4,
31029,NE,Chase,14.4,
31031,NE,Cherry,14.4,
31033,NE,Cheyenne,14.4,
31035,NE,Clay,14.4,
31037,NE,Colfax,14.4,
31039,NE,Cuming,14.4,
31041,NE,Custer,14.4,
31043,NE,Dakota,14.4,
31045,NE,Dawes,14.4,
31047,NE,Dawson,14.4,
31049,NE,Deuel,14.4,
31051,NE,Dixon,14.4,
31053,NE,Dodge,14.4,
31055,NE,Douglas,14.4,
31057,NE,Dundy,14.4,
31059,NE,Fillmore,14.4,
31061,NE,Franklin,14.4,
31063,NE,Frontier,14.4,
31065,NE,Furnas,14.4,
31067,NE,Gage,14.4,
31069,NE,Garden,14.4,
31071,NE,Garfield,14.4,
31073,NE,Gosper,14.4,
31075,NE,Grant,14.4,
31077,NE,Greeley,14.4,
31079,NE,Hall,14.4,
31081,NE,Hamilton,14.4,
31083,NE,Harlan,14.4,
31085,NE,Hayes,14.4,
31087,NE,Hitchcock,14.4,
31089,NE,Holt,14.4,
31091,NE,Hooker,14.4,
31093,NE,Howard,14.4,
31095,NE,Jefferson,14.4,
31097,NE,Johnson,14.4,
31099,NE,Kearney,14.4,
31101,NE,Keith,14.4,
31103,NE,Keya Paha,14.4,
31105,NE,Kimball,14.4,
31107,NE,Knox,14.4,
31109,NE,Lancaster,14.4,
31111,NE,Lincoln,14.4,
31113,NE,Logan,14.4,
31115,NE,Loup,14.4,
31117,NE,McPherson,14.4,
31119,NE,Madison,14.4,
31121,NE,Merrick,14.4,
31123,NE,Morrill,14.4,
31125,NE,Nance,14.4,
31127,NE,Nemaha,14.4,
31129,NE,Nuckolls,14.4,
31131,NE,Otoe,14.4,
31133,NE,Pawnee,14.4,
31135,NE,Perkins,14.4,
31137,NE,Phelps,14.4,
31139,NE,Pierce,14.4,
31141,NE,Platte,14.4,
31143,NE,Polk,14.4,
31145,NE,Red Willow,14.4,
31147,NE,Richardson,14.4,
31149,NE,Rock,14.4,
31151,NE,Saline,14.4,
31153,NE,Sarpy,14.4,
31155,NE,Saunders,14.4,
31157,NE,Scotts Bluff,14.4,
31159,NE,Seward,14.4,
31161,NE,Sheridan,14.4,
31163,NE,Sherman,14.4,
31165,NE,Sioux,14.4,
31167,NE,Stanton,14.4,
31169,NE,Thayer,14.4,
31171,NE,Thomas,14.4,
31173,NE,Thurston,14.4,
31175,NE,Valley,14.4,
31177,NE,Washington,14.4,
31179,NE,Wayne,14.4,
31181,NE,Webster,14.4,
31183,NE,Wheeler,14.4,
31185,NE,York,14.4,
32001,NV,Churchill,9,
32003,NV,Clark,9,
32005,NV,Douglas,9,
32007,NV,Elko,9,
32009,NV,Esmeralda,9,
32011,NV,Eureka,9,
32013,NV,Humboldt,9,
32015,NV,Lander,9,
32017,NV,Lincoln,9,
32019,NV,Lyon,9,
32021,NV,Mineral,9,
32023,NV,Nye,9,
32027,NV,Pershing,9,
32029,NV,Storey,9,
32031,NV,Washoe,9,
32033,NV,White Pine,9,
32510,NV,Carson City,9,
33001,NH,Belknap,13.5,
33003,NH,Carroll,13.5,
33005,NH,Cheshire,13.5,
33007,NH,Coos,13.5,
33009,NH,Grafton,13.5,
33011,NH,Hillsborough,13.5,
33013,NH,Merrimack,13.5,
33015,NH,Rockingham,13.5,
33017,NH,Strafford,13.5,
33019,NH,Sullivan,13.5,
34001,NJ,Atlantic,9.4,
34003,NJ,Bergen,9.4,
34005,NJ,Burlington,9.4,
34007,NJ,Camden,9.4,
34009,NJ,Cape May,9.4,
34011,NJ,Cumberland,9.4,
34013,NJ,Essex,9.4,
34015,NJ,Gloucester,9.4,
34017,NJ,Hudson,9.4,
34019,NJ,Hunterdon,9.4,
34021,NJ,Mercer,9.4,
34023,NJ,Middlesex,9.4,
34025,NJ,Monmouth,9.4,
34027,NJ,Morris,9.4,
34029,NJ,Ocean,9.4,
34031,NJ,Passaic,9.4,
34033,NJ,Salem,9.4,
34035,NJ,Somerset,9.4,
34037,NJ,Sussex,9.4,
34039,NJ,Union,9.4,
34041,NJ,Warren,9.4,
35001,NM,Bernalillo,8.6,
35003,NM,Catron,8.6,
35005,NM,Chaves,8.6,
35006,NM,Cibola,8.6,
35007,NM,Colfax,8.6,
35009,NM,Curry,8.6,
35011,NM,De Baca,8.6,
35013,NM,Doña Ana,8.6,
35015,NM,Eddy,8.6,
35017,NM,Grant,8.6,
35019,NM,Guadalupe,8.6,
35021,NM,Harding,8.6,
35023,NM,Hidalgo,8.6,
35025,NM,Lea,8.6,
35027,NM,Lincoln,8.6,
35028,NM,Los Alamos,8.6,
35029,NM,Luna,8.6,
35031,NM,McKinley,8.6,
35033,NM,Mora,8.6,
35035,NM,Otero,8.6,
35037,NM,Quay,8.6,
35039,NM,Rio Arriba,8.6,
35041,NM,Roosevelt,8.6,
35043,NM,Sandoval,8.6,
35045,NM,San Juan,8.6,
35047,NM,San Miguel,8.6,
35049,NM,Santa Fe,8.6,
35051,NM,Sierra,8.6,
35053,NM,Socorro,8.6,
35055,NM,Taos,8.6,
35057,NM,Torrance,8.6,
35059,NM,Union,8.6,
35061,NM,Valencia,8.6,
36001,NY,Albany,17.9,
36003,NY,Allegany,17.9,
36005,NY,Bronx,17.9,
36007,NY,Broome,17.9,
36009,NY,Cattaraugus,17.9,
36011,NY,Cayuga,17.9,
36013,NY,Chautauqua,17.9,
36015,NY,Chemung,17.9,
36017,NY,Chenango,17.9,
36019,NY,Clinton,17.9,
36021,NY,Columbia,17.9,
36023,NY,Cortland,17.9,
36025,NY,Delaware,17.9,
36027,NY,Dutchess,17.9,
36029,NY,Erie,17.9,
36031,NY,Essex,17.9,
36033,NY,Franklin,17.9,
36035,NY,Fulton,17.9,
36037,NY,Genesee,17.9,
36039,NY,Greene,17.9,
36041,NY,Hamilton,17.9,
36043,NY,Herkimer,17.9,
36045,NY,Jefferson,17.9,
36047,NY,Kings,17.9,
36049,NY,Lewis,17.9,
36051,NY,Livingston,17.9,
36053,NY,Madison,17.9,
36055,NY,Monroe,17.9,
36057,NY,Montgomery,17.9,
36059,NY,Nassau,17.9,
36061,NY,New York,17.9,
36063,NY,Niagara,17.9,
36065,NY,Oneida,17.9,
36067,NY,Onondaga,17.9,
36069,NY,Ontario,17.9,
36071,NY,Orange,17.9,
36073,NY,Orleans,17.9,
36075,NY,Oswego,17.9,
36077,NY,Otsego,17.9,
36079,NY,Putnam,17.9,
36081,NY,Queens,17.9,
36083,NY,Rensselaer,17.9,
36085,NY,Richmond,17.9,
36087,NY,Rockland,17.9,
36089,NY,St. Lawrence,17.9,
36091,NY,Saratoga,17.9,
36093,NY,Schenectady,17.9,
36095,NY,Schoharie,17.9,
36097,NY,Schuyler,17.9,
36099,NY,Seneca,17.9,
36101,NY,Steuben,17.9,
36103,NY,Suffolk,17.9,
36105,NY,Sullivan,17.9,
36107,NY,Tioga,17.9,
36109,NY,Tompkins,17.9,
36111,NY,Ulster,17.9,
36113,NY,Warren,17.9,
36115,NY,Washington,17.9,
36117,NY,Wayne,17.9,
36119,NY,Westchester,17.9,
36121,NY,Wyoming,17.9,
36123,NY,Yates,17.9,
37001,NC,Alamance,12.4,
37003,NC,Alexander,12.4,
37005,NC,Alleghany,12.4,
37007,NC,Anson,12.4,
37009,NC,Ashe,12.4,
37011,NC,Avery,12.4,
37013,NC,Beaufort,12.4,
37015,NC,Bertie,12.4,
37017,NC,Bladen,12.4,
37019,NC,Brunswick,12.4,
37021,NC,Buncombe,12.4,
37023,NC,Burke,12.4,
37025,NC,Cabarrus,12.4,
37027,NC,Caldwell,12.4,
37029,NC,Camden,12.4,
37031,NC,Carteret,12.4,
37033,NC,Caswell,12.4,
37035,NC,Catawba,12.4,
37037,NC,Chatham,12.4,
37039,NC,Cherokee,12.4,
37041,NC,Chowan,12.4,
37043,NC,Clay,12.4,
37045,NC,Cleveland,12.4,
37047,NC,Columbus,12.4,
37049,NC,Craven,12.4,
37051,NC,Cumberland,12.4,
37053,NC,Currituck,12.4,
37055,NC,Dare,12.4,
37057,NC,Davidson,12.4,
37059,NC,Davie,12.4,
37061,NC,Duplin,12.4,
37063,NC,Durham,12.4,
37065,NC,Edgecombe,12.4,
37067,NC,Forsyth,12.4,
37069,NC,Franklin,12.4,
37071,NC,Gaston,12.4,
37073,NC,Gates,12.4,
37075,NC,Graham,12.4,
37077,NC,Granville,12.4,
37079,NC,Greene,12.4,
37081,NC,Guilford,12.4,
37083,NC,Halifax,12.4,
37085,NC,Harnett,12.4,
37087,NC,Haywood,12.4,
37089,NC,Henderson,12.4,
37091,NC,Hertford,12.4,
37093,NC,Hoke,12.4,
37095,NC,Hyde,12.4,
37097,NC,Iredell,12.4,
37099,NC,Jackson,12.4,
37101,NC,Johnston,12.4,
37103,NC,Jones,12.4,
37105,NC,Lee,12.4,
37107,NC,Lenoir,12.4,
37109,NC,Lincoln,12.4,
37111,NC,McDowell,12.4,
37113,NC,Macon,12.4,
37115,NC,Madison,12.4,
37117,NC,Martin,12.4,
37119,NC,Mecklenburg,12.4,
37121,NC,Mitchell,12.4,
37123,NC,Montgomery,12.4,
37125,NC,Moore,12.4,
37127,NC,Nash,12.4,
37129,NC,New Hanover,12.4,
37131,NC,Northampton,12.4,
37133,NC,Onslow,12.4,
37135,NC,Orange,12.4,
37137,NC,Pamlico,12.4,
37139,NC,Pasquotank,12.4,
37141,NC,Pender,12.4,
37143,NC,Perquimans,12.4,
37145,NC,Person,12.4,
37147,NC,Pitt,12.4,
37149,NC,Polk,12.4,
37151,NC,Randolph,12.4,
37153,NC,Richmond,12.4,
37155,NC,Robeson,12.4,
37157,NC,Rockingham,12.4,
37159,NC,Rowan,12.4,
37161,NC,Rutherford,12.4,
37163,NC,Sampson,12.4,
37165,NC,Scotland,12.4,
37167,NC,Stanly,12.4,
37169,NC,Stokes,12.4,
37171,NC,Surry,12.4,
37173,NC,Swain,12.4,
37175,NC,Transylvania,12.4,
37177,NC,Tyrrell,12.4,
37179,NC,Union,12.4,
37181,NC,Vance,12.4,
37183,NC,Wake,12.4,
37185,NC,Warren,12.4,
37187,NC,Washington,12.4,
37189,NC,Watauga,12.4,
37191,NC,Wayne,12.4,
37193,NC,Wilkes,12.4,
37195,NC,Wilson,12.4,
37197,NC,Yadkin,12.4,
37199,NC,Yancey,12.4,
38001,ND,Adams,10.9,
38003,ND,Barnes,10.9,
38005,ND,Benson,10.9,
38007,ND,Billings,10.9,
38009,ND,Bottineau,10.9,
38011,ND,Bowman,10.9,
38013,ND,Burke,10.9,
38015,ND,Burleigh,10.9,
38017,ND,Cass,10.9,
38019,ND,Cavalier,10.9,
38021,ND,Dickey,10.9,
38023,ND,Divide,10.9,
38025,ND,Dunn,10.9,
38027,ND,Eddy,10.9,
38029,ND,Emmons,10.9,
38031,ND,Foster,10.9,
38033,ND,Golden Valley,10.9,
38035,ND,Grand Forks,10.9,
38037,ND,Grant,10.9,
38039,ND,Griggs,10.9,
38041,ND,Hettinger,10.9,
38043,ND,Kidder,10.9,
38045,ND,LaMoure,10.9,
38047,ND,Logan,10.9,
38049,ND,McHenry,10.9,
38051,ND,McIntosh,10.9,
38053,ND,McKenzie,10.9,
38055,ND,McLean,10.9,
38057,ND,Mercer,10.9,
38059,ND,Morton,10.9,
38061,ND,Mountrail,10.9,
38063,ND,Nelson,10.9,
38065,ND,Oliver,10.9,
38067,ND,Pembina,10.9,
38069,ND,Pierce,10.9,
38071,ND,Ramsey,10.9,
38073,ND,Ransom,10.9,
38075,ND,Renville,10.9,
38077,ND,Richland,10.9,
38079,ND,Rolette,10.9,
38081,ND,Sargent,10.9,
38083,ND,Sheridan,10.9,
38085,ND,Sioux,10.9,
38087,ND,Slope,10.9,
38089,ND,Stark,10.9,
38091,ND,Steele,10.9,
38093,ND,Stutsman,10.9,
38095,ND,Towner,10.9,
38097,ND,Traill,10.9,
38099,ND,Walsh,10.9,
38101,ND,Ward,10.9,
38103,ND,Wells,10.9,
38105,ND,Williams,10.9,
39001,OH,Adams,13.7,
39003,OH,Allen,13.7,
39005,OH,Ashland,13.7,
39007,OH,Ashtabula,13.7,
39009,OH,Athens,13.7,
39011,OH,Auglaize,13.7,
39013,OH,Belmont,13.7,
39015,OH,Brown,13.7,
39017,OH,Butler,13.7,
39019,OH,Carroll,13.7,
39021,OH,Champaign,13.7,
39023,OH,Clark,13.7,
39025,OH,Clermont,13.7,
39027,OH,Clinton,13.7,
39029,OH,Columbiana,13.7,
39031,OH,Coshocton,13.7,
39033,OH,Crawford,13.7,
39035,OH,Cuyahoga,13.7,
39037,OH,Darke,13.7,
39039,OH,Defiance,13.7,
39041,OH,Delaware,13.7,
39043,OH,Erie,13.7,
39045,OH,Fairfield,13.7,
39047,OH,Fayette,13.7,
39049,OH,Franklin,13.7,
39051,OH,Fulton,13.7,
39053,OH,Gallia,13.7,
39055,OH,Geauga,13.7,
39057,OH,Greene,13.7,
39059,OH,Guernsey,13.7,
39061,OH,Hamilton,13.7,
39063,OH,Hancock,13.7,
39065,OH,Hardin,13.7,
39067,OH,Harrison,13.7,
39069,OH,Henry,13.7,
39071,OH,Highland,13.7,
39073,OH,Hocking,13.7,
39075,OH,Holmes,13.7,
39077,OH,Huron,13.7,
39079,OH,Jackson,13.7,
39081,OH,Jefferson,13.7,
39083,OH,Knox,13.7,
39085,OH,Lake,13.7,
39087,OH,Lawrence,13.7,
39089,OH,Licking,13.7,
39091,OH,Logan,13.7,
39093,OH,Lorain,13.7,
39095,OH,Lucas,13.7,
39097,OH,Madison,13.7,
39099,OH,Mahoning,13.7,
39101,OH,Marion,13.7,
39103,OH,Medina,13.7,
39105,OH,Meigs,13.7,
39107,OH,Mercer,13.7,
39109,OH,Miami,13.7,
39111,OH,Monroe,13.7,
39113,OH,Montgomery,13.7,
39115,OH,Morgan,13.7,
39117,OH,Morrow,13.7,
39119,OH,Muskingum,13.7,
39121,OH,Noble,13.7,
39123,OH,Ottawa,13.7,
39125,OH,Paulding,13.7,
39127,OH,Perry,13.7,
39129,OH,Pickaway,13.7,
39131,OH,Pike,13.7,
39133,OH,Portage,13.7,
39135,OH,Preble,13.7,
39137,OH,Putnam,13.7,
39139,OH,Richland,13.7,
39141,OH,Ross,13.7,
39143,OH,Sandusky,13.7,
39145,OH,Scioto,13.7,
39147,OH,Seneca,13.7,
39149,OH,Shelby,13.7,
39151,OH,Stark,13.7,
39153,OH,Summit,13.7,
39155,OH,Trumbull,13.7,
39157,OH,Tuscarawas,13.7,
39159,OH,Union,13.7,
39161,OH,Van Wert,13.7,
39163,OH,Vinton,13.7,
39165,OH,Warren,13.7,
39167,OH,Washington,13.7,
39169,OH,Wayne,13.7,
39171,OH,Williams,13.7,
39173,OH,Wood,13.7,
39175,OH,Wyandot,13.7,
40001,OK,Adair,15,
40003,OK,Alfalfa,15,
40005,OK,Atoka,15,
40007,OK,Beaver,15,
40009,OK,Beckham,15,
40011,OK,Blaine,15,
40013,OK,Bryan,15,
40015,OK,Caddo,15,
40017,OK,Canadian,15,
40019,OK,Carter,15,
40021,OK,Cherokee,15,
40023,OK,Choctaw,15,
40025,OK,Cimarron,15,
40027,OK,Cleveland,15,
40029,OK,Coal,15,
40031,OK,Comanche,15,
40033,OK,Cotton,15,
40035,OK,Craig,15,
40037,OK,Creek,15,
40039,OK,Custer,15,
40041,OK,Delaware,15,
40043,OK,Dewey,15,
40045,OK,Ellis,15,
40047,OK,Garfield,15,
40049,OK,Garvin,15,
40051,OK,Grady,15,
40053,OK,Grant,15,
40055,OK,Greer,15,
40057,OK,Harmon,15,
40059,OK,Harper,15,
40061,OK,Haskell,15,
40063,OK,Hughes,15,
40065,OK,Jackson,15,
40067,OK,Jefferson,15,
40069,OK,Johnston,15,
40071,OK,Kay,15,
40073,OK,Kingfisher,15,
40075,OK,Kiowa,15,
40077,OK,Latimer,15,
40079,OK,Le Flore,15,
40081,OK,Lincoln,15,
40083,OK,Logan,15,
40085,OK,Love,15,
40087,OK,McClain,15,
40089,OK,McCurtain,15,
40091,OK,McIntosh,15,
40093,OK,Major,15,
40095,OK,Marshall,15,
40097,OK,Mayes,15,
40099,OK,Murray,15,
40101,OK,Muskogee,15,
40103,OK,Noble,15,
40105,OK,Nowata,15,
40107,OK,Okfuskee,15,
40109,OK,Oklahoma,15,
40111,OK,Okmulgee,15,
40113,OK,Osage,15,
40115,OK,Ottawa,15,
40117,OK,Pawnee,15,
40119,OK,Payne,15,
40121,OK,Pittsburg,15,
40123,OK,Pontotoc,15,
40125,OK,Pottawatomie,15,
40127,OK,Pushmataha,15,
40129,OK,Roger Mills,15,
40131,OK,Rogers,15,
40133,OK,Seminole,15,
40135,OK,Sequoyah,15,
40137,OK,Stephens,15,
40139,OK,Texas,15,
40141,OK,Tillman,15,
40143,OK,Tulsa,15,
40145,OK,Wagoner,15,
40147,OK,Washington,15,
40149,OK,Washita,15,
40151,OK,Woods,15,
40153,OK,Woodward,15,
41001,OR,Baker,12.9,
41003,OR,Benton,12.9,
41005,OR,Clackamas,12.9,
41007,OR,Clatsop,12.9,
41009,OR,Columbia,12.9,
41011,OR,Coos,12.9,
41013,OR,Crook,12.9,
41015,OR,Curry,12.9,
41017,OR,Deschutes,12.9,
41019,OR,Douglas,12.9,
41021,OR,Gilliam,12.9,
41023,OR,Grant,12.9,
41025,OR,Harney,12.9,
41027,OR,Hood River,12.9,
41029,OR,Jackson,12.9,
41031,OR,Jefferson,12.9,
41033,OR,Josephine,12.9,
41035,OR,Klamath,12.9,
41037,OR,Lake,12.9,
41039,OR,Lane,12.9,
41041,OR,Lincoln,12.9,
41043,OR,Linn,12.9,
41045,OR,Malheur,12.9,
41047,OR,Marion,12.9,
41049,OR,Morrow,12.9,
41051,OR,Multnomah,12.9,
41053,OR,Polk,12.9,
41055,OR,Sherman,12.9,
41057,OR,Tillamook,12.9,
41059,OR,Umatilla,12.9,
41061,OR,Union,12.9,
41063,OR,Wallowa,12.9,
41065,OR,Wasco,12.9,
41067,OR,Washington,12.9,
41069,OR,Wheeler,12.9,
41071,OR,Yamhill,12.9,
42001,PA,Adams,12.1,
42003,PA,Allegheny,12.1,
42005,PA,Armstrong,12.1,
42007,PA,Beaver,12.1,
42009,PA,Bedford,12.1,
42011,PA,Berks,12.1,
42013,PA,Blair,12.1,
42015,PA,Bradford,12.1,
42017,PA,Bucks,12.1,
42019,PA,Butler,12.1,
42021,PA,Cambria,12.1,
42023,PA,Cameron,12.1,
42025,PA,Carbon,12.1,
42027,PA,Centre,12.1,
42029,PA,Chester,12.1,
42031,PA,Clarion,12.1,
42033,PA,Clearfield,12.1,
42035,PA,Clinton,12.1,
42037,PA,Columbia,12.1,
42039,PA,Crawford,12.1,
42041,PA,Cumberland,12.1,
42043,PA,Dauphin,12.1,
42045,PA,Delaware,12.1,
42047,PA,Elk,12.1,
42049,PA,Erie,12.1,
42051,PA,Fayette,12.1,
42053,PA,Forest,12.1,
42055,PA,Franklin,12.1,
42057,PA,Fulton,12.1,
42059,PA,Greene,12.1,
42061,PA,Huntingdon,12.1,
42063,PA,Indiana,12.1,
42065,PA,Jefferson,12.1,
42067,PA,Juniata,12.1,
42069,PA,Lackawanna,12.1,
42071,PA,Lancaster,12.1,
42073,PA,Lawrence,12.1,
42075,PA,Lebanon,12.1,
42077,PA,Lehigh,12.1,
42079,PA,Luzerne,12.1,
42081,PA,Lycoming,12.1,
42083,PA,McKean,12.1,
42085,PA,Mercer,12.1,
42087,PA,Mifflin,12.1,
42089,PA,Monroe,12.1,
42091,PA,Montgomery,12.1,
42093,PA,Montour,12.1,
42095,PA,Northampton,12.1,
42097,PA,Northumberland,12.1,
42099,PA,Perry,12.1,
42101,PA,Philadelphia,12.1,
42103,PA,Pike,12.1,
42105,PA,Potter,12.1,
42107,PA,Schuylkill,12.1,
42109,PA,Snyder,12.1,
42111,PA,Somerset,12.1,
42113,PA,Sullivan,12.1,
42115,PA,Susquehanna,12.1,
42117,PA,Tioga,12.1,
42119,PA,Union,12.1,
42121,PA,Venango,12.1,
42123,PA,Warren,12.1,
42125,PA,Washington,12.1,
42127,PA,Wayne,12.1,
42129,PA,Westmoreland,12.1,
42131,PA,Wyoming,12.1,
42133,PA,York,12.1,
44001,RI,Bristol,12.4,
44003,RI,Kent,12.4,
44005,RI,Newport,12.4,
44007,RI,Providence,12.4,
44009,RI,Washington,12.4,
45001,SC,Abbeville,11.7,
45003,SC,Aiken,11.7,
45005,SC,Allendale,11.7,
45007,SC,Anderson,11.7,
45009,SC,Bamberg,11.7,
45011,SC,Barnwell,11.7,
45013,SC,Beaufort,11.7,
45015,SC,Berkeley,11.7,
45017,SC,Calhoun,11.7,
45019,SC,Charleston,11.7,
45021,SC,Cherokee,11.7,
45023,SC,Chester,11.7,
45025,SC,Chesterfield,11.7,
45027,SC,Clarendon,11.7,
45029,SC,Colleton,11.7,
45031,SC,Darlington,11.7,
45033,SC,Dillon,11.7,
45035,SC,Dorchester,11.7,
45037,SC,Edgefield,11.7,
45039,SC,Fairfield,11.7,
45041,SC,Florence,11.7,
45043,SC,Georgetown,11.7,
45045,SC,Greenville,11.7,
45047,SC,Greenwood,11.7,
45049,SC,Hampton,11.7,
45051,SC,Horry,11.7,
45053,SC,Jasper,11.7,
45055,SC,Kershaw,11.7,
45057,SC,Lancaster,11.7,
45059,SC,Laurens,11.7,
45061,SC,Lee,11.7,
45063,SC,Lexington,11.7,
45065,SC,McCormick,11.7,
45067,SC,Marion,11.7,
45069,SC,Marlboro,11.7,
45071,SC,Newberry,11.7,
45073,SC,Oconee,11.7,
45075,SC,Orangeburg,11.7,
45077,SC,Pickens,11.7,
45079,SC,Richland,11.7,
45081,SC,Saluda,11.7,
45083,SC,Spartanburg,11.7,
45085,SC,Sumter,11.7,
45087,SC,Union,11.7,
45089,SC,Williamsburg,11.7,
45091,SC,York,11.7,
46003,SD,Aurora,11.4,
46005,SD,Beadle,11.4,
46007,SD,Bennett,11.4,
46009,SD,Bon Homme,11.4,
46011,SD,Brookings,11.4,
46013,SD,Brown,11.4,
46015,SD,Brule,11.4,
46017,SD,Buffalo,11.4,
46019,SD,Butte,11.4,
46021,SD,Campbell,11.4,
46023,SD,Charles Mix,11.4,
46025,SD,Clark,11.4,
46027,SD,Clay,11.4,
46029,SD,Codington,11.4,
46031,SD,Corson,11.4,
46033,SD,Custer,11.4,
46035,SD,Davison,11.4,
46037,SD,Day,11.4,
46039,SD,Deuel,11.4,
46041,SD,Dewey,11.4,
46043,SD,Douglas,11.4,
46045,SD,Edmunds,11.4,
46047,SD,Fall River,11.4,
46049,SD,Faulk,11.4,
46051,SD,Grant,11.4,
46053,SD,Gregory,11.4,
46055,SD,Haakon,11.4,
46057,SD,Hamlin,11.4,
46059,SD,Hand,11.4,
46061,SD,Hanson,11.4,
46063,SD,Harding,11.4,
46065,SD,Hughes,11.4,
46067,SD,Hutchinson,11.4,
46069,SD,Hyde,11.4,
46071,SD,Jackson,11.4,
46073,SD,Jerauld,11.4,
46075,SD,Jones,11.4,
46077,SD,Kingsbury,11.4,
46079,SD,Lake,11.4,
46081,SD,Lawrence,11.4,
46083,SD,Lincoln,11.4,
46085,SD,Lyman,11.4,
46087,SD,McCook,11.4,
46089,SD,McPherson,11.4,
46091,SD,Marshall,11.4,
46093,SD,Meade,11.4,
46095,SD,Mellette,11.4,
46097,SD,Miner,11.4,
46099,SD,Minnehaha,11.4,
46101,SD,Moody,11.4,
46103,SD,Pennington,11.4,
46105,SD,Perkins,11.4,
46107,SD,Potter,11.4,
46109,SD,Roberts,11.4,
46111,SD,Sanborn,11.4,
46113,SD,Shannon,11.4,
46115,SD,Spink,11.4,
46117,SD,Stanley,11.4,
46119,SD,Sully,11.4,
46121,SD,Todd,11.4,
46123,SD,Tripp,11.4,
46125,SD,Turner,11.4,
46127,SD,Union,11.4,
46129,SD,Walworth,11.4,
46135,SD,Yankton,11.4,
46137,SD,Ziebach,11.4,
47001,TN,Anderson,12.9,
47003,TN,Bedford,12.9,
47005,TN,Benton,12.9,
47007,TN,Bledsoe,12.9,
47009,TN,Blount,12.9,
47011,TN,Bradley,12.9,
47013,TN,Campbell,12.9,
47015,TN,Cannon,12.9,
47017,TN,Carroll,12.9,
47019,TN,Carter,12.9,
47021,TN,Cheatham,12.9,
47023,TN,Chester,12.9,
47025,TN,Claiborne,12.9,
47027,TN,Clay,12.9,
47029,TN,Cocke,12.9,
47031,TN,Coffee,12.9,
47033,TN,Crockett,12.9,
47035,TN,Cumberland,12.9,
47037,TN,Davidson,12.9,
47039,TN,Decatur,12.9,
47041,TN,DeKalb,12.9,
47043,TN,Dickson,12.9,
47045,TN,Dyer,12.9,
47047,TN,Fayette,12.9,
47049,TN,Fentress,12.9,
47051,TN,Franklin,12.9,
47053,TN,Gibson,12.9,
47055,TN,Giles,12.9,
47057,TN,Grainger,12.9,
47059,TN,Greene,12.9,
47061,TN,Grundy,12.9,
47063,TN,Hamblen,12.9,
47065,TN,Hamilton,12.9,
47067,TN,Hancock,12.9,
47069,TN,Hardeman,12.9,
47071,TN,Hardin,12.9,
47073,TN,Hawkins,12.9,
47075,TN,Haywood,12.9,
47077,TN,Henderson,12.9,
47079,TN,Henry,12.9,
47081,TN,Hickman,12.9,
47083,TN,Houston,12.9,
47085,TN,Humphreys,12.9,
47087,TN,Jackson,12.9,
47089,TN,Jefferson,12.9,
47091,TN,Johnson,12.9,
47093,TN,Knox,12.9,
47095,TN,Lake,12.9,
47097,TN,Lauderdale,12.9,
47099,TN,Lawrence,12.9,
47101,TN,Lewis,12.9,
47103,TN,Lincoln,12.9,
47105,TN,Loudon,12.9,
47107,TN,McMinn,12.9,
47109,TN,McNairy,12.9,
47111,TN,Macon,12.9,
47113,TN,Madison,12.9,
47115,TN,Marion,12.9,
47117,TN,Marshall,12.9,
47119,TN,Maury,12.9,
47121,TN,Meigs,12.9,
47123,TN,Monroe,12.9,
47125,TN,Montgomery,12.9,
47127,TN,Moore,12.9,
47129,TN,Morgan,12.9,
47131,TN,Obion,12.9,
47133,TN,Overton,12.9,
47135,TN,Perry,12.9,
47137,TN,Pickett,12.9,
47139,TN,Polk,12.9,
47141,TN,Putnam,12.9,
47143,TN,Rhea,12.9,
47145,TN,Roane,12.9,
47147,TN,Robertson,12.9,
47149,TN,Rutherford,12.9,
47151,TN,Scott,12.9,
47153,TN,Sequatchie,12.9,
47155,TN,Sevier,12.9,
47157,TN,Shelby,12.9,
47159,TN,Smith,12.9,
47161,TN,Stewart,12.9,
47163,TN,Sullivan,12.9,
47165,TN,Sumner,12.9,
47167,TN,Tipton,12.9,
47169,TN,Trousdale,12.9,
47171,TN,Unicoi,12.9,
47173,TN,Union,12.9,
47175,TN,Van Buren,12.9,
47177,TN,Warren,12.9,
47179,TN,Washington,12.9,
47181,TN,Wayne,12.9,
47183,TN,Weakley,12.9,
47185,TN,White,12.9,
47187,TN,Williamson,12.9,
47189,TN,Wilson,12.9,
48001,TX,Anderson,14,
48003,TX,Andrews,14,
48005,TX,Angelina,14,
48007,TX,Aransas,14,
48009,TX,Archer,14,
48011,TX,Armstrong,14,
48013,TX,Atascosa,14,
48015,TX,Austin,14,
48017,TX,Bailey,14,
48019,TX,Bandera,14,
48021,TX,Bastrop,14,
48023,TX,Baylor,14,
48025,TX,Bee,14,
48027,TX,Bell,14,
48029,TX,Bexar,14,
48031,TX,Blanco,14,
48033,TX,Borden,14,
48035,TX,Bosque,14,
48037,TX,Bowie,14,
48039,TX,Brazoria,14,
48041,TX,Brazos,14,
48043,TX,Brewster,14,
48045,TX,Briscoe,14,
48047,TX,Brooks,14,
48049,TX,Brown,14,
48051,TX,Burleson,14,
48053,TX,Burnet,14,
48055,TX,Caldwell,14,
48057,TX,Calhoun,14,
48059,TX,Callahan,14,
48061,TX,Cameron,14,
48063,TX,Camp,14,
48065,TX,Carson,14,
48067,TX,Cass,14,
48069,TX,Castro,14,
48071,TX,Chambers,14,
48073,TX,Cherokee,14,
48075,TX,Childress,14,
48077,TX,Clay,14,
48079,TX,Cochran,14,
48081,TX,Coke,14,
48083,TX,Coleman,14,
48085,TX,Collin,14,
48087,TX,Collingsworth,14,
48089,TX,Colorado,14,
48091,TX,Comal,14,
48093,TX,Comanche,14,
48095,TX,Concho,14,
48097,TX,Cooke,14,
48099,TX,Coryell,14,
48101,TX,Cottle,14,
48103,TX,Crane,14,
48105,TX,Crockett,14,
48107,TX,Crosby,14,
48109,TX,Culberson,14,
48111,TX,Dallam,14,
48113,TX,Dallas,14,
48115,TX,Dawson,14,
48117,TX,Deaf Smith,14,
48119,TX,Delta,14,
48121,TX,Denton,14,
48123,TX,DeWitt,14,
48125,TX,Dickens,14,
48127,TX,Dimmit,14,
48129,TX,Donley,14,
48131,TX,Duval,14,
48133,TX,Eastland,14,
48135,TX,Ector,14,
48137,TX,Edwards,14,
48139,TX,Ellis,14,
48141,TX,El Paso,14,
48143,TX,Erath,14,
48145,TX,Falls,14,
48147,TX,Fannin,14,
48149,TX,Fayette,14,
48151,TX,Fisher,14,
48153,TX,Floyd,14,
48155,TX,Foard,14,
48157,TX,Fort Bend,14,
48159,TX,Franklin,14,
48161,TX,Freestone,14,
48163,TX,Frio,14,
48165,TX,Gaines,14,
48167,TX,Galveston,14,
48169,TX,Garza,14,
48171,TX,Gillespie,14,
48173,TX,Glasscock,14,
48175,TX,Goliad,14,
48177,TX,Gonzales,14,
48179,TX,Gray,14,
48181,TX,Grayson,14,
48183,TX,Gregg,14,
48185,TX,Grimes,14,
48187,TX,Guadalupe,14,
48189,TX,Hale,14,
48191,TX,Hall,14,
48193,TX,Hamilton,14,
48195,TX,Hansford,14,
48197,TX,Hardeman,14,
48199,TX,Hardin,14,
48201,TX,Harris,14,
48203,TX,Harrison,14,
48205,TX,Hartley,14,
48207,TX,Haskell,14,
48209,TX,Hays,14,
48211,TX,Hemphill,14,
48213,TX,Henderson,14,
48215,TX,Hidalgo,14,
48217,TX,Hill,14,
48219,TX,Hockley,14,
48221,TX,Hood,14,
48223,TX,Hopkins,14,
48225,TX,Houston,14,
48227,TX,Howard,14,
48229,TX,Hudspeth,14,
48231,TX,Hunt,14,
48233,TX,Hutchinson,14,
48235,TX,Irion,14,
48237,TX,Jack,14,
48239,TX,Jackson,14,
48241,TX,Jasper,14,
48243,TX,Jeff Davis,14,
48245,TX,Jefferson,14,
48247,TX,Jim Hogg,14,
48249,TX,Jim Wells,14,
48251,TX,Johnson,14,
48253,TX,Jones,14,
48255,TX,Karnes,14,
48257,TX,Kaufman,14,
48259,TX,Kendall,14,
48261,TX,Kenedy,14,
48263,TX,Kent,14,
48265,TX,Kerr,14,
48267,TX,Kimble,14,
48269,TX,King,14,
48271,TX,Kinney,14,
48273,TX,Kleberg,14,
48275,TX,Knox,14,
48277,TX,Lamar,14,
48279,TX,Lamb,14,
48281,TX,Lampasas,14,
48283,TX,La Salle,14,
48285,TX,Lavaca,14,
48287,TX,Lee,14,
48289,TX,Leon,14,
48291,TX,Liberty,14,
48293,TX,Limestone,14,
48295,TX,Lipscomb,14,
48297,TX,Live Oak,14,
48299,TX,Llano,14,
48301,TX,Loving,14,
48303,TX,Lubbock,14,
48305,TX,Lynn,14,
48307,TX,McCulloch,14,
48309,TX,McLennan,14,
48311,TX,McMullen,14,
48313,TX,Madison,14,
48315,TX,Marion,14,
48317,TX,Martin,14,
48319,TX,Mason,14,
48321,TX,Matagorda,14,
48323,TX,Maverick,14,
48325,TX,Medina,14,
48327,TX,Menard,14,
48329,TX,Midland,14,
48331,TX,Milam,14,
48333,TX,Mills,14,
48335,TX,Mitchell,14,
48337,TX,Montague,14,
48339,TX,Montgomery,14,
48341,TX,Moore,14,
48343,TX,Morris,14,
48345,TX,Motley,14,
48347,TX,Nacogdoches,14,
48349,TX,Navarro,14,
48351,TX,Newton,14,
48353,TX,Nolan,14,
48355,TX,Nueces,14,
48357,TX,Ochiltree,14,
48359,TX,Oldham,14,
48361,TX,Orange,14,
48363,TX,Palo Pinto,14,
48365,TX,Panola,14,
48367,TX,Parker,14,
48369,TX,Parmer,14,
48371,TX,Pecos,14,
48373,TX,Polk,14,
48375,TX,Potter,14,
48377,TX,Presidio,14,
48379,TX,Rains,14,
48381,TX,Randall,14,
48383,TX,Reagan,14,
48385,TX,Real,14,
48387,TX,Red River,14,
48389,TX,Reeves,14,
48391,TX,Refugio,14,
48393,TX,Roberts,14,
48395,TX,Robertson,14,
48397,TX,Rockwall,14,
48399,TX,Runnels,14,
48401,TX,Rusk,14,
48403,TX,Sabine,14,
48405,TX,San Augustine,14,
48407,TX,San Jacinto,14,
48409,TX,San Patricio,14,
48411,TX,San Saba,14,
48413,TX,Schleicher,14,
48415,TX,Scurry,14,
48417,TX,Shackelford,14,
48419,TX,Shelby,14,
48421,TX,Sherman,14,
48423,TX,Smith,14,
48425,TX,Somervell,14,
48427,TX,Starr,14,
48429,TX,Stephens,14,
48431,TX,Sterling,14,
48433,TX,Stonewall,14,
48435,TX,Sutton,14,
48437,TX,Swisher,14,
48439,TX,Tarrant,14,
48441,TX,Taylor,14,
48443,TX,Terrell,14,
48445,TX,Terry,14,
48447,TX,Throckmorton,14,
48449,TX,Titus,14,
48451,TX,Tom Green,14,
48453,TX,Travis,14,
48455,TX,Trinity,14,
48457,TX,Tyler,14,
48459,TX,Upshur,14,
48461,TX,Upton,14,
48463,TX,Uvalde,14,
48465,TX,Val Verde,14,
48467,TX,Van Zandt,14,
48469,TX,Victoria,14,
48471,TX,Walker,14,
48473,TX,Waller,14,
48475,TX,Ward,14,
48477,TX,Washington,14,
48479,TX,Webb,14,
48481,TX,Wharton,14,
48483,TX,Wheeler,14,
48485,TX,Wichita,14,
48487,TX,Wilbarger,14,
48489,TX,Willacy,14,
48491,TX,Williamson,14,
48493,TX,Wilson,14,
48495,TX,Winkler,14,
48497,TX,Wise,14,
48499,TX,Wood,14,
48501,TX,Yoakum,14,
48503,TX,Young,14,
48505,TX,Zapata,14,
48507,TX,Zavala,14,
49001,UT,Beaver,10.7,
49003,UT,Box Elder,10.7,
49005,UT,Cache,10.7,
49007,UT,Carbon,10.7,
49009,UT,Daggett,10.7,
49011,UT,Davis,10.7,
49013,UT,Duchesne,10.7,
49015,UT,Emery,10.7,
49017,UT,Garfield,10.7,
49019,UT,Grand,10.7,
49021,UT,Iron,10.7,
49023,UT,Juab,10.7,
49025,UT,Kane,10.7,
49027,UT,Millard,10.7,
49029,UT,Morgan,10.7,
49031,UT,Piute,10.7,
49033,UT,Rich,10.7,
49035,UT,Salt Lake,10.7,
49037,UT,San Juan,10.7,
49039,UT,Sanpete,10.7,
49041,UT,Sevier,10.7,
49043,UT,Summit,10.7,
49045,UT,Tooele,10.7,
49047,UT,Uintah,10.7,
49049,UT,Utah,10.7,
49051,UT,Wasatch,10.7,
49053,UT,Washington,10.7,
49055,UT,Wayne,10.7,
49057,UT,Weber,10.7,
50001,VT,Addison,10.1,
50003,VT,Bennington,10.1,
50005,VT,Caledonia,10.1,
50007,VT,Chittenden,10.1,
50009,VT,Essex,10.1,
50011,VT,Franklin,10.1,
50013,VT,Grand Isle,10.1,
50015,VT,Lamoille,10.1,
50017,VT,Orange,10.1,
50019,VT,Orleans,10.1,
50021,VT,Rutland,10.1,
50023,VT,Washington,10.1,
50025,VT,Windham,10.1,
50027,VT,Windsor,10.1,
51001,VA,Accomack,9.8,
51003,VA,Albemarle,9.8,
51005,VA,Alleghany,9.8,
51007,VA,Amelia,9.8,
51009,VA,Amherst,9.8,
51011,VA,Appomattox,9.8,
51013,VA,Arlington,9.8,
51015,VA,Augusta,9.8,
51017,VA,Bath,9.8,
51019,VA,Bedford,9.8,
51021,VA,Bland,9.8,
51023,VA,Botetourt,9.8,
51025,VA,Brunswick,9.8,
51027,VA,Buchanan,9.8,
51029,VA,Buckingham,9.8,
51031,VA,Campbell,9.8,
51033,VA,Caroline,9.8,
51035,VA,Carroll,9.8,
51036,VA,Charles City,9.8,
51037,VA,Charlotte,9.8,
51041,VA,Chesterfield,9.8,
51043,VA,Clarke,9.8,
51045,VA,Craig,9.8,
51047,VA,Culpeper,9.8,
51049,VA,Cumberland,9.8,
51051,VA,Dickenson,9.8,
51053,VA,Dinwiddie,9.8,
51057,VA,Essex,9.8,
51059,VA,Fairfax,9.8,
51061,VA,Fauquier,9.8,
51063,VA,Floyd,9.8,
51065,VA,Fluvanna,9.8,
51067,VA,Franklin,9.8,
51069,VA,Frederick,9.8,
51071,VA,Giles,9.8,
51073,VA,Gloucester,9.8,
51075,VA,Goochland,9.8,
51077,VA,Grayson,9.8,
51079,VA,Greene,9.8,
51081,VA,Greensville,9.8,
51083,VA,Halifax,9.8,
51085,VA,Hanover,9.8,
51087,VA,Henrico,9.8,
51089,VA,Henry,9.8,
51091,VA,Highland,9.8,
51093,VA,Isle of Wight,9.8,
51095,VA,James City,9.8,
51097,VA,King and Queen,9.8,
51099,VA,King George,9.8,
51101,VA,King William,9.8,
51103,VA,Lancaster,9.8,
51105,VA,Lee,9.8,
51107,VA,Loudoun,9.8,
51109,VA,Louisa,9.8,
51111,VA,Lunenburg,9.8,
51113,VA,Madison,9.8,
51115,VA,Mathews,9.8,
51117,VA,Mecklenburg,9.8,
51119,VA,Middlesex,9.8,
51121,VA,Montgomery,9.8,
51125,VA,Nelson,9.8,
51127,VA,New Kent,9.8,
51131,VA,Northampton,9.8,
51133,VA,Northumberland,9.8,
51135,VA,Nottoway,9.8,
51137,VA,Orange,9.8,
51139,VA,Page,9.8,
51141,VA,Patrick,9.8,
51143,VA,Pittsylvania,9.8,
51145,VA,Powhatan,9.8,
51147,VA,Prince Edward,9.8,
51149,VA,Prince George,9.8,
51153,VA,Prince William,9.8,
51155,VA,Pulaski,9.8,
51157,VA,Rappahannock,9.8,
51159,VA,Richmond,9.8,
51161,VA,Roanoke,9.8,
51163,VA,Rockbridge,9.8,
51165,VA,Rockingham,9.8,
51167,VA,Russell,9.8,
51169,VA,Scott,9.8,
51171,VA,Shenandoah,9.8,
51173,VA,Smyth,9.8,
51175,VA,Southampton,9.8,
51177,VA,Spotsylvania,9.8,
51179,VA,Stafford,9.8,
51181,VA,Surry,9.8,
51183,VA,Sussex,9.8,
51185,VA,Tazewell,9.8,
51187,VA,Warren,9.8,
51191,VA,Washington,9.8,
51193,VA,Westmoreland,9.8,
51195,VA,Wise,9.8,
51197,VA,Wythe,9.8,
51199,VA,York,9.8,
51510,VA,Alexandria,9.8,
51515,VA,Bedford,9.8,
51520,VA,Bristol,9.8,
51530,VA,Buena Vista,9.8,
51540,VA,Charlottesville,9.8,
51550,VA,Chesapeake,9.8,
51570,VA,Colonial Heights,9.8,
51580,VA,Covington,9.8,
51590,VA,Danville,9.8,
51595,VA,Emporia,9.8,
51600,VA,Fairfax,9.8,
51610,VA,Falls Church,9.8,
51620,VA,Franklin,9.8,
51630,VA,Fredericksburg,9.8,
51640,VA,Galax,9.8,
51650,VA,Hampton,9.8,
51660,VA,Harrisonburg,9.8,
51670,VA,Hopewell,9.8,
51678,VA,Lexington,9.8,
51680,VA,Lynchburg,9.8,
51683,VA,Manassas,9.8,
51685,VA,Manassas Park,9.8,
51690,VA,Martinsville,9.8,
51700,VA,Newport News,9.8,
51710,VA,Norfolk,9.8,
51720,VA,Norton,9.8,
51730,VA,Petersburg,9.8,
51735,VA,Poquoson,9.8,
51740,VA,Portsmouth,9.8,
51750,VA,Radford,9.8,
51760,VA,Richmond,9.8,
51770,VA,Roanoke,9.8,
51775,VA,Salem,9.8,
51790,VA,Staunton,9.8,
51800,VA,Suffolk,9.8,
51810,VA,Virginia Beach,9.8,
51820,VA,Waynesboro,9.8,
51830,VA,Williamsburg,9.8,
51840,VA,Winchester,9.8,
53001,WA,Adams,10.8,
53003,WA,Asotin,10.8,
53005,WA,Benton,10.8,
53007,WA,Chelan,10.8,
53009,WA,Clallam,10.8,
53011,WA,Clark,10.8,
53013,WA,Columbia,10.8,
53015,WA,Cowlitz,10.8,
53017,WA,Douglas,10.8,
53019,WA,Ferry,10.8,
53021,WA,Franklin,10.8,
53023,WA,Garfield,10.8,
53025,WA,Grant,10.8,
53027,WA,Grays Harbor,10.8,
53029,WA,Island,10.8,
53031,WA,Jefferson,10.8,
53033,WA,King,10.8,
53035,WA,Kitsap,10.8,
53037,WA,Kittitas,10.8,
53039,WA,Klickitat,10.8,
53041,WA,Lewis,10.8,
53043,WA,Lincoln,10.8,
53045,WA,Mason,10.8,
53047,WA,Okanogan,10.8,
53049,WA,Pacific,10.8,
53051,WA,Pend Oreille,10.8,
53053,WA,Pierce,10.8,
53055,WA,San Juan,10.8,
53057,WA,Skagit,10.8,
53059,WA,Skamania,10.8,
53061,WA,Snohomish,10.8,
53063,WA,Spokane,10.8,
53065,WA,Stevens,10.8,
53067,WA,Thurston,10.8,
53069,WA,Wahkiakum,10.8,
53071,WA,Walla Walla,10.8,
53073,WA,Whatcom,10.8,
53075,WA,Whitman,10.8,
53077,WA,Yakima,10.8,
54001,WV,Barbour,10,
54003,WV,Berkeley,10,
54005,WV,Boone,10,
54007,WV,Braxton,10,
54009,WV,Brooke,10,
54011,WV,Cabell,10,
54013,WV,Calhoun,10,
54015,WV,Clay,10,
54017,WV,Doddridge,10,
54019,WV,Fayette,10,
54021,WV,Gilmer,10,
54023,WV,Grant,10,
54025,WV,Greenbrier,10,
54027,WV,Hampshire,10,
54029,WV,Hancock,10,
54031,WV,Hardy,10,
54033,WV,Harrison,10,
54035,WV,Jackson,10,
54037,WV,Jefferson,10,
54039,WV,Kanawha,10,
54041,WV,Lewis,10,
54043,WV,Lincoln,10,
54045,WV,Logan,10,
54047,WV,McDowell,10,
54049,WV,Marion,10,
54051,WV,Marshall,10,
54053,WV,Mason,10,
54055,WV,Mercer,10,
54057,WV,Mineral,10,
54059,WV,Mingo,10,
54061,WV,Monongalia,10,
54063,WV,Monroe,10,
54065,WV,Morgan,10,
54067,WV,Nicholas,10,
54069,WV,Ohio,10,
54071,WV,Pendleton,10,
54073,WV,Pleasants,10,
54075,WV,Pocahontas,10,
54077,WV,Preston,10,
54079,WV,Putnam,10,
54081,WV,Raleigh,10,
54083,WV,Randolph,10,
54085,WV,Ritchie,10,
54087,WV,Roane,10,
54089,WV,Summers,10,
54091,WV,Taylor,10,
54093,WV,Tucker,10,
54095,WV,Tyler,10,
54097,WV,Upshur,10,
54099,WV,Wayne,10,
54101,WV,Webster,10,
54103,WV,Wetzel,10,
54105,WV,Wirt,10,
54107,WV,Wood,10,
54109,WV,Wyoming,10,
55001,WI,Adams,14.9,
55003,WI,Ashland,14.9,
55005,WI,Barron,14.9,
55007,WI,Bayfield,14.9,
55009,WI,Brown,14.9,
55011,WI,Buffalo,14.9,
55013,WI,Burnett,14.9,
55015,WI,Calumet,14.9,
55017,WI,Chippewa,14.9,
55019,WI,Clark,14.9,
55021,WI,Columbia,14.9,
55023,WI,Crawford,14.9,
55025,WI,Dane,14.9,
55027,WI,Dodge,14.9,
55029,WI,Door,14.9,
55031,WI,Douglas,14.9,
55033,WI,Dunn,14.9,
55035,WI,Eau Claire,14.9,
55037,WI,Florence,14.9,
55039,WI,Fond du Lac,14.9,
55041,WI,Forest,14.9,
55043,WI,Grant,14.9,
55045,WI,Green,14.9,
55047,WI,Green Lake,14.9,
55049,WI,Iowa,14.9,
55051,WI,Iron,14.9,
55053,WI,Jackson,14.9,
55055,WI,Jefferson,14.9,
55057,WI,Juneau,14.9,
55059,WI,Kenosha,14.9,
55061,WI,Kewaunee,14.9,
55063,WI,La Crosse,14.9,
55065,WI,Lafayette,14.9,
55067,WI,Langlade,14.9,
55069,WI,Lincoln,14.9,
55071,WI,Manitowoc,14.9,
55073,WI,Marathon,14.9,
55075,WI,Marinette,14.9,
55077,WI,Marquette,14.9,
55078,WI,Menominee,14.9,
55079,WI,Milwaukee,14.9,
55081,WI,Monroe,14.9,
55083,WI,Oconto,14.9,
55085,WI,Oneida,14.9,
55087,WI,Outagamie,14.9,
55089,WI,Ozaukee,14.9,
55091,WI,Pepin,14.9,
55093,WI,Pierce,14.9,
55095,WI,Polk,14.9,
55097,WI,Portage,14.9,
55099,WI,Price,14.9,
55101,WI,Racine,14.9,
55103,WI,Richland,14.9,
55105,WI,Rock,14.9,
55107,WI,Rusk,14.9,
55109,WI,St. Croix,14.9,
55111,WI,Sauk,14.9,
55113,WI,Sawyer,14.9,
55115,WI,Shawano,14.9,
55117,WI,Sheboygan,14.9,
55119,WI,Taylor,14.9,
55121,WI,Trempealeau,14.9,
55123,WI,Vernon,14.9,
55125,WI,Vilas,14.9,
55127,WI,Walworth,14.9,
55129,WI,Washburn,14.9,
55131,WI,Washington,14.9,
55133,WI,Waukesha,14.9,
55135,WI,Waupaca,14.9,
55137,WI,Waushara,14.9,
55139,WI,Winnebago,14.9,
55141,WI,Wood,14.9,
56001,WY,Albany,13.2,
56003,WY,Big Horn,13.2,
56005,WY,Campbell,13.2,
56007,WY,Carbon,13.2,
56009,WY,Converse,13.2,
56011,WY,Crook,13.2,
56013,WY,Fremont,13.2,
56015,WY,Goshen,13.2,
56017,WY,Hot Springs,13.2,
56019,WY,Johnson,13.2,
56021,WY,Laramie,13.2,
56023,WY,Lincoln,13.2,
56025,WY,Natrona,13.2,
56027,WY,Niobrara,13.2,
56029,WY,Park,13.2,
56031,WY,Platte,13.2,
56033,WY,Sheridan,13.2,
56035,WY,Sublette,13.2,
56037,WY,Sweetwater,13.2,
56039,WY,Teton,13.2,
56041,WY,Uinta,13.2,
56043,WY,Washakie,13.2,
56045,WY,Weston,13.2,
