FIPS,State,County,CH_FOODINSEC_14_17,CH_VLFOODSEC_14_17
1001,AL,Autauga,-0.5,-0.1
1003,AL,Baldwin,-0.5,-0.1
1005,AL,Barbour,-0.5,-0.1
1007,AL,Bibb,-0.5,-0.1
1009,AL,Blount,-0.5,-0.1
1011,AL,Bullock,-0.5,-0.1
1013,AL,Butler,-0.5,-0.1
1015,AL,Calhoun,-0.5,-0.1
1017,AL,Chambers,-0.5,-0.1
1019,AL,Cherokee,-0.5,-0.1
1021,AL,Chilton,-0.5,-0.1
1023,AL,Choctaw,-0.5,-0.1
1025,AL,Clarke,-0.5,-0.1
1027,AL,Clay,-0.5,-0.1
1029,AL,Cleburne,-0.5,-0.1
1031,AL,Coffee,-0.5,-0.1
1033,AL,Colbert,-0.5,-0.1
1035,AL,Conecuh,-0.5,-0.1
1037,AL,Coosa,-0.5,-0.1
1039,AL,Covington,-0.5,-0.1
1041,AL,Crenshaw,-0.5,-0.1
1043,AL,Cullman,-0.5,-0.1
1045,AL,Dale,-0.5,-0.1
1047,AL,Dallas,-0.5,-0.1
1049,AL,DeKalb,-0.5,-0.1
1051,AL,Elmore,-0.5,-0.1
1053,AL,Escambia,-0.5,-0.1
1055,AL,Etowah,-0.5,-0.1
1057,AL,Fayette,-0.5,-0.1
1059,AL,Franklin,-0.5,-0.1
1061,AL,Geneva,-0.5,-0.1
1063,AL,Greene,-0.5,-0.1
1065,AL,Hale,-0.5,-0.1
1067,AL,Henry,-0.5,-0.1
1069,AL,Houston,-0.5,-0.1
1071,AL,Jackson,-0.5,-0.1
1073,AL,Jefferson,-0.5,-0.1
1075,AL,Lamar,-0.5,-0.1
1077,AL,Lauderdale,-0.5,-0.1
1079,AL,Lawrence,-0.5,-0.1
1081,AL,Lee,-0.5,-0.1
1083,AL,Limestone,-0.5,-0.1
1085,AL,Lowndes,-0.5,-0.1
1087,AL,Macon,-0.5,-0.1
1089,AL,Madison,-0.5,-0.1
1091,AL,Marengo,-0.5,-0.1
1093,AL,Marion,-0.5,-0.1
1095,AL,Marshall,-0.5,-0.1
1097,AL,Mobile,-0.5,-0.1
1099,AL,Monroe,-0.5,-0.1
1101,AL,Montgomery,-0.5,-0.1
1103,AL,Morgan,-0.5,-0.1
1105,AL,Perry,-0.5,-0.1
1107,AL,Pickens,-0.5,-0.1
1109,AL,Pike,-0.5,-0.1
1111,AL,Randolph,-0.5,-0.1
1113,AL,Russell,-0.5,-0.1
1115,AL,St. Clair,-0.5,-0.1
1117,AL,Shelby,-0.5,-0.1
1119,AL,Sumter,-0.5,-0.1
1121,AL,Talladega,-0.5,-0.1
1123,AL,Tallapoosa,-0.5,-0.1
1125,AL,Tuscaloosa,-0.5,-0.1
1127,AL,Walker,-0.5,-0.1
1129,AL,Washington,-0.5,-0.1
1131,AL,Wilcox,-0.5,-0.1
1133,AL,Winston,-0.5,-0.1
2013,AK,Aleutians East,-0.4,-0.6
2016,AK,Aleutians West,-0.4,-0.6
2020,AK,Anchorage,-0.4,-0.6
2050,AK,Bethel,-0.4,-0.6
2060,AK,Bristol Bay,-0.4,-0.6
2068,AK,Denali,-0.4,-0.6
2070,AK,Dillingham,-0.4,-0.6
2090,AK,Fairbanks North Star,-0.4,-0.6
2100,AK,Haines,-0.4,-0.6
2105,AK,Hoonah-Angoon,-0.4,-0.6
2110,AK,Juneau,-0.4,-0.6
2122,AK,Kenai Peninsula,-0.4,-0.6
2130,AK,Ketchikan Gateway,-0.4,-0.6
2150,AK,Kodiak Island,-0.4,-0.6
2164,AK,Lake and Peninsula,-0.4,-0.6
2170,AK,Matanuska-Susitna,-0.4,-0.6
2180,AK,Nome,-0.4,-0.6
2185,AK,North Slope,-0.4,-0.6
2188,AK,Northwest Arctic,-0.4,-0.6
2195,AK,Petersburg,-0.4,-0.6
2198,AK,Prince of Wales-Hyder,-0.4,-0.6
2220,AK,Sitka,-0.4,-0.6
2230,AK,Skagway,-0.4,-0.6
2240,AK,Southeast Fairbanks,-0.4,-0.6
2261,AK,Valdez-Cordova,-0.4,-0.6
2270,AK,Wade Hampton,-0.4,-0.6
2275,AK,Wrangell,-0.4,-0.6
2282,AK,Yakutat,-0.4,-0.6
2290,AK,Yukon-Koyukuk,-0.4,-0.6
4001,AZ,Apache,-2.5,-1.6
4003,AZ,Cochise,-2.5,-1.6
4005,AZ,Coconino,-2.5,-1.6
4007,AZ,Gila,-2.5,-1.6
4009,AZ,Graham,-2.5,-1.6
4011,AZ,Greenlee,-2.5,-1.6
4012,AZ,La Paz,-2.5,-1.6
4013,AZ,Maricopa,-2.5,-1.6
4015,AZ,Mohave,-2.5,-1.6
4017,AZ,Navajo,-2.5,-1.6
4019,AZ,Pima,-2.5,-1.6
4021,AZ,Pinal,-2.5,-1.6
4023,AZ,Santa Cruz,-2.5,-1.6
4025,AZ,Yavapai,-2.5,-1.6
4027,AZ,Yuma,-2.5,-1.6
5001,AR,Arkansas,-2.3,-0.5
5003,AR,Ashley,-2.3,-0.5
5005,AR,Baxter,-2.3,-0.5
5007,AR,Benton,-2.3,-0.5
5009,AR,Boone,-2.3,-0.5
5011,AR,Bradley,-2.3,-0.5
5013,AR,Calhoun,-2.3,-0.5
5015,AR,Carroll,-2.3,-0.5
5017,AR,Chicot,-2.3,-0.5
5019,AR,Clark,-2.3,-0.5
5021,AR,Clay,-2.3,-0.5
5023,AR,Cleburne,-2.3,-0.5
5025,AR,Cleveland,-2.3,-0.5
5027,AR,Columbia,-2.3,-0.5
5029,AR,Conway,-2.3,-0.5
5031,AR,Craighead,-2.3,-0.5
5033,AR,Crawford,-2.3,-0.5
5035,AR,Crittenden,-2.3,-0.5
5037,AR,Cross,-2.3,-0.5
5039,AR,Dallas,-2.3,-0.5
5041,AR,Desha,-2.3,-0.5
5043,AR,Drew,-2.3,-0.5
5045,AR,Faulkner,-2.3,-0.5
5047,AR,Franklin,-2.3,-0.5
5049,AR,Fulton,-2.3,-0.5
5051,AR,Garland,-2.3,-0.5
5053,AR,Grant,-2.3,-0.5
5055,AR,Greene,-2.3,-0.5
5057,AR,Hempstead,-2.3,-0.5
5059,AR,Hot Spring,-2.3,-0.5
5061,AR,Howard,-2.3,-0.5
5063,AR,Independence,-2.3,-0.5
5065,AR,Izard,-2.3,-0.5
5067,AR,Jackson,-2.3,-0.5
5069,AR,Jefferson,-2.3,-0.5
5071,AR,Johnson,-2.3,-0.5
5073,AR,Lafayette,-2.3,-0.5
5075,AR,Lawrence,-2.3,-0.5
5077,AR,Lee,-2.3,-0.5
5079,AR,Lincoln,-2.3,-0.5
5081,AR,Little River,-2.3,-0.5
5083,AR,Logan,-2.3,-0.5
5085,AR,Lonoke,-2.3,-0.5
5087,AR,Madison,-2.3,-0.5
5089,AR,Marion,-2.3,-0.5
5091,AR,Miller,-2.3,-0.5
5093,AR,Mississippi,-2.3,-0.5
5095,AR,Monroe,-2.3,-0.5
5097,AR,Montgomery,-2.3,-0.5
5099,AR,Nevada,-2.3,-0.5
5101,AR,Newton,-2.3,-0.5
5103,AR,Ouachita,-2.3,-0.5
5105,AR,Perry,-2.3,-0.5
5107,AR,Phillips,-2.3,-0.5
5109,AR,Pike,-2.3,-0.5
5111,AR,Poinsett,-2.3,-0.5
5113,AR,Polk,-2.3,-0.5
5115,AR,Pope,-2.3,-0.5
5117,AR,Prairie,-2.3,-0.5
5119,AR,Pulaski,-2.3,-0.5
5121,AR,Randolph,-2.3,-0.5
5123,AR,St. Francis,-2.3,-0.5
5125,AR,Saline,-2.3,-0.5
5127,AR,Scott,-2.3,-0.5
5129,AR,Searcy,-2.3,-0.5
5131,AR,Sebastian,-2.3,-0.5
5133,AR,Sevier,-2.3,-0.5
5135,AR,Sharp,-2.3,-0.5
5137,AR,Stone,-2.3,-0.5
5139,AR,Union,-2.3,-0.5
5141,AR,Van Buren,-2.3,-0.5
5143,AR,Washington,-2.3,-0.5
5145,AR,White,-2.3,-0.5
5147,AR,Woodruff,-2.3,-0.5
5149,AR,Yell,-2.3,-0.5
6001,CA,Alameda,-2.3,-1
6003,CA,Alpine,-2.3,-1
6005,CA,Amador,-2.3,-1
6007,CA,Butte,-2.3,-1
6009,CA,Calaveras,-2.3,-1
6011,CA,Colusa,-2.3,-1
6013,CA,Contra Costa,-2.3,-1
6015,CA,Del Norte,-2.3,-1
6017,CA,El Dorado,-2.3,-1
6019,CA,Fresno,-2.3,-1
6021,CA,Glenn,-2.3,-1
6023,CA,Humboldt,-2.3,-1
6025,CA,Imperial,-2.3,-1
6027,CA,Inyo,-2.3,-1
6029,CA,Kern,-2.3,-1
6031,CA,Kings,-2.3,-1
6033,CA,Lake,-2.3,-1
6035,CA,Lassen,-2.3,-1
6037,CA,Los Angeles,-2.3,-1
6039,CA,Madera,-2.3,-1
6041,CA,Marin,-2.3,-1
6043,CA,Mariposa,-2.3,-1
6045,CA,Mendocino,-2.3,-1
6047,CA,Merced,-2.3,-1
6049,CA,Modoc,-2.3,-1
6051,CA,Mono,-2.3,-1
6053,CA,Monterey,-2.3,-1
6055,CA,Napa,-2.3,-1
6057,CA,Nevada,-2.3,-1
6059,CA,Orange,-2.3,-1
6061,CA,Placer,-2.3,-1
6063,CA,Plumas,-2.3,-1
6065,CA,Riverside,-2.3,-1
6067,CA,Sacramento,-2.3,-1
6069,CA,San Benito,-2.3,-1
6071,CA,San Bernardino,-2.3,-1
6073,CA,San Diego,-2.3,-1
6075,CA,San Francisco,-2.3,-1
6077,CA,San Joaquin,-2.3,-1
6079,CA,San Luis Obispo,-2.3,-1
6081,CA,San Mateo,-2.3,-1
6083,CA,Santa Barbara,-2.3,-1
6085,CA,Santa Clara,-2.3,-1
6087,CA,Santa Cruz,-2.3,-1
6089,CA,Shasta,-2.3,-1
6091,CA,Sierra,-2.3,-1
6093,CA,Siskiyou,-2.3,-1
6095,CA,Solano,-2.3,-1
6097,CA,Sonoma,-2.3,-1
6099,CA,Stanislaus,-2.3,-1
6101,CA,Sutter,-2.3,-1
6103,CA,Tehama,-2.3,-1
6105,CA,Trinity,-2.3,-1
6107,CA,Tulare,-2.3,-1
6109,CA,Tuolumne,-2.3,-1
6111,CA,Ventura,-2.3,-1
6113,CA,Yolo,-2.3,-1
6115,CA,Yuba,-2.3,-1
8001,CO,Adams,-4.4,-1.4
8003,CO,Alamosa,-4.4,-1.4
8005,CO,Arapahoe,-4.4,-1.4
8007,CO,Archuleta,-4.4,-1.4
8009,CO,Baca,-4.4,-1.4
8011,CO,Bent,-4.4,-1.4
8013,CO,Boulder,-4.4,-1.4
8014,CO,Broomfield,-4.4,-1.4
8015,CO,Chaffee,-4.4,-1.4
8017,CO,Cheyenne,-4.4,-1.4
8019,CO,Clear Creek,-4.4,-1.4
8021,CO,Conejos,-4.4,-1.4
8023,CO,Costilla,-4.4,-1.4
8025,CO,Crowley,-4.4,-1.4
8027,CO,Custer,-4.4,-1.4
8029,CO,Delta,-4.4,-1.4
8031,CO,Denver,-4.4,-1.4
8033,CO,Dolores,-4.4,-1.4
8035,CO,Douglas,-4.4,-1.4
8037,CO,Eagle,-4.4,-1.4
8039,CO,Elbert,-4.4,-1.4
8041,CO,El Paso,-4.4,-1.4
8043,CO,Fremont,-4.4,-1.4
8045,CO,Garfield,-4.4,-1.4
8047,CO,Gilpin,-4.4,-1.4
8049,CO,Grand,-4.4,-1.4
8051,CO,Gunnison,-4.4,-1.4
8053,CO,Hinsdale,-4.4,-1.4
8055,CO,Huerfano,-4.4,-1.4
8057,CO,Jackson,-4.4,-1.4
8059,CO,Jefferson,-4.4,-1.4
8061,CO,Kiowa,-4.4,-1.4
8063,CO,Kit Carson,-4.4,-1.4
8065,CO,Lake,-4.4,-1.4
8067,CO,La Plata,-4.4,-1.4
8069,CO,Larimer,-4.4,-1.4
8071,CO,Las Animas,-4.4,-1.4
8073,CO,Lincoln,-4.4,-1.4
8075,CO,Logan,-4.4,-1.4
8077,CO,Mesa,-4.4,-1.4
8079,CO,Mineral,-4.4,-1.4
8081,CO,Moffat,-4.4,-1.4
8083,CO,Montezuma,-4.4,-1.4
8085,CO,Montrose,-4.4,-1.4
8087,CO,Morgan,-4.4,-1.4
8089,CO,Otero,-4.4,-1.4
8091,CO,Ouray,-4.4,-1.4
8093,CO,Park,-4.4,-1.4
8095,CO,Phillips,-4.4,-1.4
8097,CO,Pitkin,-4.4,-1.4
8099,CO,Prowers,-4.4,-1.4
8101,CO,Pueblo,-4.4,-1.4
8103,CO,Rio Blanco,-4.4,-1.4
8105,CO,Rio Grande,-4.4,-1.4
8107,CO,Routt,-4.4,-1.4
8109,CO,Saguache,-4.4,-1.4
8111,CO,San Juan,-4.4,-1.4
8113,CO,San Miguel,-4.4,-1.4
8115,CO,Sedgwick,-4.4,-1.4
8117,CO,Summit,-4.4,-1.4
8119,CO,Teller,-4.4,-1.4
8121,CO,Washington,-4.4,-1.4
8123,CO,Weld,-4.4,-1.4
8125,CO,Yuma,-4.4,-1.4
9001,CT,Fairfield,-1.7,-1.3
9003,CT,Hartford,-1.7,-1.3
9005,CT,Litchfield,-1.7,-1.3
9007,CT,Middlesex,-1.7,-1.3
9009,CT,New Haven,-1.7,-1.3
9011,CT,New London,-1.7,-1.3
9013,CT,Tolland,-1.7,-1.3
9015,CT,Windham,-1.7,-1.3
10001,DE,Kent,-2,-0.4
10003,DE,New Castle,-2,-0.4
10005,DE,Sussex,-2,-0.4
11001,DC,District of Columbia,-1,-1.1
12001,FL,Alachua,-1.9,-1.3
12003,FL,Baker,-1.9,-1.3
12005,FL,Bay,-1.9,-1.3
12007,FL,Bradford,-1.9,-1.3
12009,FL,Brevard,-1.9,-1.3
12011,FL,Broward,-1.9,-1.3
12013,FL,Calhoun,-1.9,-1.3
12015,FL,Charlotte,-1.9,-1.3
12017,FL,Citrus,-1.9,-1.3
12019,FL,Clay,-1.9,-1.3
12021,FL,Collier,-1.9,-1.3
12023,FL,Columbia,-1.9,-1.3
12027,FL,DeSoto,-1.9,-1.3
12029,FL,Dixie,-1.9,-1.3
12031,FL,Duval,-1.9,-1.3
12033,FL,Escambia,-1.9,-1.3
12035,FL,Flagler,-1.9,-1.3
12037,FL,Franklin,-1.9,-1.3
12039,FL,Gadsden,-1.9,-1.3
12041,FL,Gilchrist,-1.9,-1.3
12043,FL,Glades,-1.9,-1.3
12045,FL,Gulf,-1.9,-1.3
12047,FL,Hamilton,-1.9,-1.3
12049,FL,Hardee,-1.9,-1.3
12051,FL,Hendry,-1.9,-1.3
12053,FL,Hernando,-1.9,-1.3
12055,FL,Highlands,-1.9,-1.3
12057,FL,Hillsborough,-1.9,-1.3
12059,FL,Holmes,-1.9,-1.3
12061,FL,Indian River,-1.9,-1.3
12063,FL,Jackson,-1.9,-1.3
12065,FL,Jefferson,-1.9,-1.3
12067,FL,Lafayette,-1.9,-1.3
12069,FL,Lake,-1.9,-1.3
12071,FL,Lee,-1.9,-1.3
12073,FL,Leon,-1.9,-1.3
12075,FL,Levy,-1.9,-1.3
12077,FL,Liberty,-1.9,-1.3
12079,FL,Madison,-1.9,-1.3
12081,FL,Manatee,-1.9,-1.3
12083,FL,Marion,-1.9,-1.3
12085,FL,Martin,-1.9,-1.3
12086,FL,Miami-Dade,-1.9,-1.3
12087,FL,Monroe,-1.9,-1.3
12089,FL,Nassau,-1.9,-1.3
12091,FL,Okaloosa,-1.9,-1.3
12093,FL,Okeechobee,-1.9,-1.3
12095,FL,Orange,-1.9,-1.3
12097,FL,Osceola,-1.9,-1.3
12099,FL,Palm Beach,-1.9,-1.3
12101,FL,Pasco,-1.9,-1.3
12103,FL,Pinellas,-1.9,-1.3
12105,FL,Polk,-1.9,-1.3
12107,FL,Putnam,-1.9,-1.3
12109,FL,St. Johns,-1.9,-1.3
12111,FL,St. Lucie,-1.9,-1.3
12113,FL,Santa Rosa,-1.9,-1.3
12115,FL,Sarasota,-1.9,-1.3
12117,FL,Seminole,-1.9,-1.3
12119,FL,Sumter,-1.9,-1.3
12121,FL,Suwannee,-1.9,-1.3
12123,FL,Taylor,-1.9,-1.3
12125,FL,Union,-1.9,-1.3
12127,FL,Volusia,-1.9,-1.3
12129,FL,Wakulla,-1.9,-1.3
12131,FL,Walton,-1.9,-1.3
12133,FL,Washington,-1.9,-1.3
13001,GA,Appling,-2.7,-1.8
13003,GA,Atkinson,-2.7,-1.8
13005,GA,Bacon,-2.7,-1.8
13007,GA,Baker,-2.7,-1.8
13009,GA,Baldwin,-2.7,-1.8
13011,GA,Banks,-2.7,-1.8
13013,GA,Barrow,-2.7,-1.8
13015,GA,Bartow,-2.7,-1.8
13017,GA,Ben Hill,-2.7,-1.8
13019,GA,Berrien,-2.7,-1.8
13021,GA,Bibb,-2.7,-1.8
13023,GA,Bleckley,-2.7,-1.8
13025,GA,Brantley,-2.7,-1.8
13027,GA,Brooks,-2.7,-1.8
13029,GA,Bryan,-2.7,-1.8
13031,GA,Bulloch,-2.7,-1.8
13033,GA,Burke,-2.7,-1.8
13035,GA,Butts,-2.7,-1.8
13037,GA,Calhoun,-2.7,-1.8
13039,GA,Camden,-2.7,-1.8
13043,GA,Candler,-2.7,-1.8
13045,GA,Carroll,-2.7,-1.8
13047,GA,Catoosa,-2.7,-1.8
13049,GA,Charlton,-2.7,-1.8
13051,GA,Chatham,-2.7,-1.8
13053,GA,Chattahoochee,-2.7,-1.8
13055,GA,Chattooga,-2.7,-1.8
13057,GA,Cherokee,-2.7,-1.8
13059,GA,Clarke,-2.7,-1.8
13061,GA,Clay,-2.7,-1.8
13063,GA,Clayton,-2.7,-1.8
13065,GA,Clinch,-2.7,-1.8
13067,GA,Cobb,-2.7,-1.8
13069,GA,Coffee,-2.7,-1.8
13071,GA,Colquitt,-2.7,-1.8
13073,GA,Columbia,-2.7,-1.8
13075,GA,Cook,-2.7,-1.8
13077,GA,Coweta,-2.7,-1.8
13079,GA,Crawford,-2.7,-1.8
13081,GA,Crisp,-2.7,-1.8
13083,GA,Dade,-2.7,-1.8
13085,GA,Dawson,-2.7,-1.8
13087,GA,Decatur,-2.7,-1.8
13089,GA,DeKalb,-2.7,-1.8
13091,GA,Dodge,-2.7,-1.8
13093,GA,Dooly,-2.7,-1.8
13095,GA,Dougherty,-2.7,-1.8
13097,GA,Douglas,-2.7,-1.8
13099,GA,Early,-2.7,-1.8
13101,GA,Echols,-2.7,-1.8
13103,GA,Effingham,-2.7,-1.8
13105,GA,Elbert,-2.7,-1.8
13107,GA,Emanuel,-2.7,-1.8
13109,GA,Evans,-2.7,-1.8
13111,GA,Fannin,-2.7,-1.8
13113,GA,Fayette,-2.7,-1.8
13115,GA,Floyd,-2.7,-1.8
13117,GA,Forsyth,-2.7,-1.8
13119,GA,Franklin,-2.7,-1.8
13121,GA,Fulton,-2.7,-1.8
13123,GA,Gilmer,-2.7,-1.8
13125,GA,Glascock,-2.7,-1.8
13127,GA,Glynn,-2.7,-1.8
13129,GA,Gordon,-2.7,-1.8
13131,GA,Grady,-2.7,-1.8
13133,GA,Greene,-2.7,-1.8
13135,GA,Gwinnett,-2.7,-1.8
13137,GA,Habersham,-2.7,-1.8
13139,GA,Hall,-2.7,-1.8
13141,GA,Hancock,-2.7,-1.8
13143,GA,Haralson,-2.7,-1.8
13145,GA,Harris,-2.7,-1.8
13147,GA,Hart,-2.7,-1.8
13149,GA,Heard,-2.7,-1.8
13151,GA,Henry,-2.7,-1.8
13153,GA,Houston,-2.7,-1.8
13155,GA,Irwin,-2.7,-1.8
13157,GA,Jackson,-2.7,-1.8
13159,GA,Jasper,-2.7,-1.8
13161,GA,Jeff Davis,-2.7,-1.8
13163,GA,Jefferson,-2.7,-1.8
13165,GA,Jenkins,-2.7,-1.8
13167,GA,Johnson,-2.7,-1.8
13169,GA,Jones,-2.7,-1.8
13171,GA,Lamar,-2.7,-1.8
13173,GA,Lanier,-2.7,-1.8
13175,GA,Laurens,-2.7,-1.8
13177,GA,Lee,-2.7,-1.8
13179,GA,Liberty,-2.7,-1.8
13181,GA,Lincoln,-2.7,-1.8
13183,GA,Long,-2.7,-1.8
13185,GA,Lowndes,-2.7,-1.8
13187,GA,Lumpkin,-2.7,-1.8
13189,GA,McDuffie,-2.7,-1.8
13191,GA,McIntosh,-2.7,-1.8
13193,GA,Macon,-2.7,-1.8
13195,GA,Madison,-2.7,-1.8
13197,GA,Marion,-2.7,-1.8
13199,GA,Meriwether,-2.7,-1.8
13201,GA,Miller,-2.7,-1.8
13205,GA,Mitchell,-2.7,-1.8
13207,GA,Monroe,-2.7,-1.8
13209,GA,Montgomery,-2.7,-1.8
13211,GA,Morgan,-2.7,-1.8
13213,GA,Murray,-2.7,-1.8
13215,GA,Muscogee,-2.7,-1.8
13217,GA,Newton,-2.7,-1.8
13219,GA,Oconee,-2.7,-1.8
13221,GA,Oglethorpe,-2.7,-1.8
13223,GA,Paulding,-2.7,-1.8
13225,GA,Peach,-2.7,-1.8
13227,GA,Pickens,-2.7,-1.8
13229,GA,Pierce,-2.7,-1.8
13231,GA,Pike,-2.7,-1.8
13233,GA,Polk,-2.7,-1.8
13235,GA,Pulaski,-2.7,-1.8
13237,GA,Putnam,-2.7,-1.8
13239,GA,Quitman,-2.7,-1.8
13241,GA,Rabun,-2.7,-1.8
13243,GA,Randolph,-2.7,-1.8
13245,GA,Richmond,-2.7,-1.8
13247,GA,Rockdale,-2.7,-1.8
13249,GA,Schley,-2.7,-1.8
13251,GA,Screven,-2.7,-1.8
13253,GA,Seminole,-2.7,-1.8
13255,GA,Spalding,-2.7,-1.8
13257,GA,Stephens,-2.7,-1.8
13259,GA,Stewart,-2.7,-1.8
13261,GA,Sumter,-2.7,-1.8
13263,GA,Talbot,-2.7,-1.8
13265,GA,Taliaferro,-2.7,-1.8
13267,GA,Tattnall,-2.7,-1.8
13269,GA,Taylor,-2.7,-1.8
13271,GA,Telfair,-2.7,-1.8
13273,GA,Terrell,-2.7,-1.8
13275,GA,Thomas,-2.7,-1.8
13277,GA,Tift,-2.7,-1.8
13279,GA,Toombs,-2.7,-1.8
13281,GA,Towns,-2.7,-1.8
13283,GA,Treutlen,-2.7,-1.8
13285,GA,Troup,-2.7,-1.8
13287,GA,Turner,-2.7,-1.8
13289,GA,Twiggs,-2.7,-1.8
13291,GA,Union,-2.7,-1.8
13293,GA,Upson,-2.7,-1.8
13295,GA,Walker,-2.7,-1.8
13297,GA,Walton,-2.7,-1.8
13299,GA,Ware,-2.7,-1.8
13301,GA,Warren,-2.7,-1.8
13303,GA,Washington,-2.7,-1.8
13305,GA,Wayne,-2.7,-1.8
13307,GA,Webster,-2.7,-1.8
13309,GA,Wheeler,-2.7,-1.8
13311,GA,White,-2.7,-1.8
13313,GA,Whitfield,-2.7,-1.8
13315,GA,Wilcox,-2.7,-1.8
13317,GA,Wilkes,-2.7,-1.8
13319,GA,Wilkinson,-2.7,-1.8
13321,GA,Worth,-2.7,-1.8
15001,HI,Hawaii,-4.9,-1.1
15003,HI,Honolulu,-4.9,-1.1
15005,HI,Kalawao,-4.9,-1.1
15007,HI,Kauai,-4.9,-1.1
15009,HI,Maui,-4.9,-1.1
16001,ID,Ada,-0.9,-0.3
16003,ID,Adams,-0.9,-0.3
16005,ID,Bannock,-0.9,-0.3
16007,ID,Bear Lake,-0.9,-0.3
16009,ID,Benewah,-0.9,-0.3
16011,ID,Bingham,-0.9,-0.3
16013,ID,Blaine,-0.9,-0.3
16015,ID,Boise,-0.9,-0.3
16017,ID,Bonner,-0.9,-0.3
16019,ID,Bonneville,-0.9,-0.3
16021,ID,Boundary,-0.9,-0.3
16023,ID,Butte,-0.9,-0.3
16025,ID,Camas,-0.9,-0.3
16027,ID,Canyon,-0.9,-0.3
16029,ID,Caribou,-0.9,-0.3
16031,ID,Cassia,-0.9,-0.3
16033,ID,Clark,-0.9,-0.3
16035,ID,Clearwater,-0.9,-0.3
16037,ID,Custer,-0.9,-0.3
16039,ID,Elmore,-0.9,-0.3
16041,ID,Franklin,-0.9,-0.3
16043,ID,Fremont,-0.9,-0.3
16045,ID,Gem,-0.9,-0.3
16047,ID,Gooding,-0.9,-0.3
16049,ID,Idaho,-0.9,-0.3
16051,ID,Jefferson,-0.9,-0.3
16053,ID,Jerome,-0.9,-0.3
16055,ID,Kootenai,-0.9,-0.3
16057,ID,Latah,-0.9,-0.3
16059,ID,Lemhi,-0.9,-0.3
16061,ID,Lewis,-0.9,-0.3
16063,ID,Lincoln,-0.9,-0.3
16065,ID,Madison,-0.9,-0.3
16067,ID,Minidoka,-0.9,-0.3
16069,ID,Nez Perce,-0.9,-0.3
16071,ID,Oneida,-0.9,-0.3
16073,ID,Owyhee,-0.9,-0.3
16075,ID,Payette,-0.9,-0.3
16077,ID,Power,-0.9,-0.3
16079,ID,Shoshone,-0.9,-0.3
16081,ID,Teton,-0.9,-0.3
16083,ID,Twin Falls,-0.9,-0.3
16085,ID,Valley,-0.9,-0.3
16087,ID,Washington,-0.9,-0.3
17001,IL,Adams,-3.1,-1.3
17003,IL,Alexander,-3.1,-1.3
17005,IL,Bond,-3.1,-1.3
17007,IL,Boone,-3.1,-1.3
17009,IL,Brown,-3.1,-1.3
17011,IL,Bureau,-3.1,-1.3
17013,IL,Calhoun,-3.1,-1.3
17015,IL,Carroll,-3.1,-1.3
17017,IL,Cass,-3.1,-1.3
17019,IL,Champaign,-3.1,-1.3
17021,IL,Christian,-3.1,-1.3
17023,IL,Clark,-3.1,-1.3
17025,IL,Clay,-3.1,-1.3
17027,IL,Clinton,-3.1,-1.3
17029,IL,Coles,-3.1,-1.3
17031,IL,Cook,-3.1,-1.3
17033,IL,Crawford,-3.1,-1.3
17035,IL,Cumberland,-3.1,-1.3
17037,IL,DeKalb,-3.1,-1.3
17039,IL,De Witt,-3.1,-1.3
17041,IL,Douglas,-3.1,-1.3
17043,IL,DuPage,-3.1,-1.3
17045,IL,Edgar,-3.1,-1.3
17047,IL,Edwards,-3.1,-1.3
17049,IL,Effingham,-3.1,-1.3
17051,IL,Fayette,-3.1,-1.3
17053,IL,Ford,-3.1,-1.3
17055,IL,Franklin,-3.1,-1.3
17057,IL,Fulton,-3.1,-1.3
17059,IL,Gallatin,-3.1,-1.3
17061,IL,Greene,-3.1,-1.3
17063,IL,Grundy,-3.1,-1.3
17065,IL,Hamilton,-3.1,-1.3
17067,IL,Hancock,-3.1,-1.3
17069,IL,Hardin,-3.1,-1.3
17071,IL,Henderson,-3.1,-1.3
17073,IL,Henry,-3.1,-1.3
17075,IL,Iroquois,-3.1,-1.3
17077,IL,Jackson,-3.1,-1.3
17079,IL,Jasper,-3.1,-1.3
17081,IL,Jefferson,-3.1,-1.3
17083,IL,Jersey,-3.1,-1.3
17085,IL,Jo Daviess,-3.1,-1.3
17087,IL,Johnson,-3.1,-1.3
17089,IL,Kane,-3.1,-1.3
17091,IL,Kankakee,-3.1,-1.3
17093,IL,Kendall,-3.1,-1.3
17095,IL,Knox,-3.1,-1.3
17097,IL,Lake,-3.1,-1.3
17099,IL,LaSalle,-3.1,-1.3
17101,IL,Lawrence,-3.1,-1.3
17103,IL,Lee,-3.1,-1.3
17105,IL,Livingston,-3.1,-1.3
17107,IL,Logan,-3.1,-1.3
17109,IL,McDonough,-3.1,-1.3
17111,IL,McHenry,-3.1,-1.3
17113,IL,McLean,-3.1,-1.3
17115,IL,Macon,-3.1,-1.3
17117,IL,Macoupin,-3.1,-1.3
17119,IL,Madison,-3.1,-1.3
17121,IL,Marion,-3.1,-1.3
17123,IL,Marshall,-3.1,-1.3
17125,IL,Mason,-3.1,-1.3
17127,IL,Massac,-3.1,-1.3
17129,IL,Menard,-3.1,-1.3
17131,IL,Mercer,-3.1,-1.3
17133,IL,Monroe,-3.1,-1.3
17135,IL,Montgomery,-3.1,-1.3
17137,IL,Morgan,-3.1,-1.3
17139,IL,Moultrie,-3.1,-1.3
17141,IL,Ogle,-3.1,-1.3
17143,IL,Peoria,-3.1,-1.3
17145,IL,Perry,-3.1,-1.3
17147,IL,Piatt,-3.1,-1.3
17149,IL,Pike,-3.1,-1.3
17151,IL,Pope,-3.1,-1.3
17153,IL,Pulaski,-3.1,-1.3
17155,IL,Putnam,-3.1,-1.3
17157,IL,Randolph,-3.1,-1.3
17159,IL,Richland,-3.1,-1.3
17161,IL,Rock Island,-3.1,-1.3
17163,IL,St. Clair,-3.1,-1.3
17165,IL,Saline,-3.1,-1.3
17167,IL,Sangamon,-3.1,-1.3
17169,IL,Schuyler,-3.1,-1.3
17171,IL,Scott,-3.1,-1.3
17173,IL,Shelby,-3.1,-1.3
17175,IL,Stark,-3.1,-1.3
17177,IL,Stephenson,-3.1,-1.3
17179,IL,Tazewell,-3.1,-1.3
17181,IL,Union,-3.1,-1.3
17183,IL,Vermilion,-3.1,-1.3
17185,IL,Wabash,-3.1,-1.3
17187,IL,Warren,-3.1,-1.3
17189,IL,Washington,-3.1,-1.3
17191,IL,Wayne,-3.1,-1.3
17193,IL,White,-3.1,-1.3
17195,IL,Whiteside,-3.1,-1.3
17197,IL,Will,-3.1,-1.3
17199,IL,Williamson,-3.1,-1.3
17201,IL,Winnebago,-3.1,-1.3
17203,IL,Woodford,-3.1,-1.3
18001,IN,Adams,-0.5,0.3
18003,IN,Allen,-0.5,0.3
18005,IN,Bartholomew,-0.5,0.3
18007,IN,Benton,-0.5,0.3
18009,IN,Blackford,-0.5,0.3
18011,IN,Boone,-0.5,0.3
18013,IN,Brown,-0.5,0.3
18015,IN,Carroll,-0.5,0.3
18017,IN,Cass,-0.5,0.3
18019,IN,Clark,-0.5,0.3
18021,IN,Clay,-0.5,0.3
18023,IN,Clinton,-0.5,0.3
18025,IN,Crawford,-0.5,0.3
18027,IN,Daviess,-0.5,0.3
18029,IN,Dearborn,-0.5,0.3
18031,IN,Decatur,-0.5,0.3
18033,IN,DeKalb,-0.5,0.3
18035,IN,Delaware,-0.5,0.3
18037,IN,Dubois,-0.5,0.3
18039,IN,Elkhart,-0.5,0.3
18041,IN,Fayette,-0.5,0.3
18043,IN,Floyd,-0.5,0.3
18045,IN,Fountain,-0.5,0.3
18047,IN,Franklin,-0.5,0.3
18049,IN,Fulton,-0.5,0.3
18051,IN,Gibson,-0.5,0.3
18053,IN,Grant,-0.5,0.3
18055,IN,Greene,-0.5,0.3
18057,IN,Hamilton,-0.5,0.3
18059,IN,Hancock,-0.5,0.3
18061,IN,Harrison,-0.5,0.3
18063,IN,Hendricks,-0.5,0.3
18065,IN,Henry,-0.5,0.3
18067,IN,Howard,-0.5,0.3
18069,IN,Huntington,-0.5,0.3
18071,IN,Jackson,-0.5,0.3
18073,IN,Jasper,-0.5,0.3
18075,IN,Jay,-0.5,0.3
18077,IN,Jefferson,-0.5,0.3
18079,IN,Jennings,-0.5,0.3
18081,IN,Johnson,-0.5,0.3
18083,IN,Knox,-0.5,0.3
18085,IN,Kosciusko,-0.5,0.3
18087,IN,LaGrange,-0.5,0.3
18089,IN,Lake,-0.5,0.3
18091,IN,LaPorte,-0.5,0.3
18093,IN,Lawrence,-0.5,0.3
18095,IN,Madison,-0.5,0.3
18097,IN,Marion,-0.5,0.3
18099,IN,Marshall,-0.5,0.3
18101,IN,Martin,-0.5,0.3
18103,IN,Miami,-0.5,0.3
18105,IN,Monroe,-0.5,0.3
18107,IN,Montgomery,-0.5,0.3
18109,IN,Morgan,-0.5,0.3
18111,IN,Newton,-0.5,0.3
18113,IN,Noble,-0.5,0.3
18115,IN,Ohio,-0.5,0.3
18117,IN,Orange,-0.5,0.3
18119,IN,Owen,-0.5,0.3
18121,IN,Parke,-0.5,0.3
18123,IN,Perry,-0.5,0.3
18125,IN,Pike,-0.5,0.3
18127,IN,Porter,-0.5,0.3
18129,IN,Posey,-0.5,0.3
18131,IN,Pulaski,-0.5,0.3
18133,IN,Putnam,-0.5,0.3
18135,IN,Randolph,-0.5,0.3
18137,IN,Ripley,-0.5,0.3
18139,IN,Rush,-0.5,0.3
18141,IN,St. Joseph,-0.5,0.3
18143,IN,Scott,-0.5,0.3
18145,IN,Shelby,-0.5,0.3
18147,IN,Spencer,-0.5,0.3
18149,IN,Starke,-0.5,0.3
18151,IN,Steuben,-0.5,0.3
18153,IN,Sullivan,-0.5,0.3
18155,IN,Switzerland,-0.5,0.3
18157,IN,Tippecanoe,-0.5,0.3
18159,IN,Tipton,-0.5,0.3
18161,IN,Union,-0.5,0.3
18163,IN,Vanderburgh,-0.5,0.3
18165,IN,Vermillion,-0.5,0.3
18167,IN,Vigo,-0.5,0.3
18169,IN,Wabash,-0.5,0.3
18171,IN,Warren,-0.5,0.3
18173,IN,Warrick,-0.5,0.3
18175,IN,Washington,-0.5,0.3
18177,IN,Wayne,-0.5,0.3
18179,IN,Wells,-0.5,0.3
18181,IN,White,-0.5,0.3
18183,IN,Whitley,-0.5,0.3
19001,IA,Adair,-1,-0.7
19003,IA,Adams,-1,-0.7
19005,IA,Allamakee,-1,-0.7
19007,IA,Appanoose,-1,-0.7
19009,IA,Audubon,-1,-0.7
19011,IA,Benton,-1,-0.7
19013,IA,Black Hawk,-1,-0.7
19015,IA,Boone,-1,-0.7
19017,IA,Bremer,-1,-0.7
19019,IA,Buchanan,-1,-0.7
19021,IA,Buena Vista,-1,-0.7
19023,IA,Butler,-1,-0.7
19025,IA,Calhoun,-1,-0.7
19027,IA,Carroll,-1,-0.7
19029,IA,Cass,-1,-0.7
19031,IA,Cedar,-1,-0.7
19033,IA,Cerro Gordo,-1,-0.7
19035,IA,Cherokee,-1,-0.7
19037,IA,Chickasaw,-1,-0.7
19039,IA,Clarke,-1,-0.7
19041,IA,Clay,-1,-0.7
19043,IA,Clayton,-1,-0.7
19045,IA,Clinton,-1,-0.7
19047,IA,Crawford,-1,-0.7
19049,IA,Dallas,-1,-0.7
19051,IA,Davis,-1,-0.7
19053,IA,Decatur,-1,-0.7
19055,IA,Delaware,-1,-0.7
19057,IA,Des Moines,-1,-0.7
19059,IA,Dickinson,-1,-0.7
19061,IA,Dubuque,-1,-0.7
19063,IA,Emmet,-1,-0.7
19065,IA,Fayette,-1,-0.7
19067,IA,Floyd,-1,-0.7
19069,IA,Franklin,-1,-0.7
19071,IA,Fremont,-1,-0.7
19073,IA,Greene,-1,-0.7
19075,IA,Grundy,-1,-0.7
19077,IA,Guthrie,-1,-0.7
19079,IA,Hamilton,-1,-0.7
19081,IA,Hancock,-1,-0.7
19083,IA,Hardin,-1,-0.7
19085,IA,Harrison,-1,-0.7
19087,IA,Henry,-1,-0.7
19089,IA,Howard,-1,-0.7
19091,IA,Humboldt,-1,-0.7
19093,IA,Ida,-1,-0.7
19095,IA,Iowa,-1,-0.7
19097,IA,Jackson,-1,-0.7
19099,IA,Jasper,-1,-0.7
19101,IA,Jefferson,-1,-0.7
19103,IA,Johnson,-1,-0.7
19105,IA,Jones,-1,-0.7
19107,IA,Keokuk,-1,-0.7
19109,IA,Kossuth,-1,-0.7
19111,IA,Lee,-1,-0.7
19113,IA,Linn,-1,-0.7
19115,IA,Louisa,-1,-0.7
19117,IA,Lucas,-1,-0.7
19119,IA,Lyon,-1,-0.7
19121,IA,Madison,-1,-0.7
19123,IA,Mahaska,-1,-0.7
19125,IA,Marion,-1,-0.7
19127,IA,Marshall,-1,-0.7
19129,IA,Mills,-1,-0.7
19131,IA,Mitchell,-1,-0.7
19133,IA,Monona,-1,-0.7
19135,IA,Monroe,-1,-0.7
19137,IA,Montgomery,-1,-0.7
19139,IA,Muscatine,-1,-0.7
19141,IA,O'Brien,-1,-0.7
19143,IA,Osceola,-1,-0.7
19145,IA,Page,-1,-0.7
19147,IA,Palo Alto,-1,-0.7
19149,IA,Plymouth,-1,-0.7
19151,IA,Pocahontas,-1,-0.7
19153,IA,Polk,-1,-0.7
19155,IA,Pottawattamie,-1,-0.7
19157,IA,Poweshiek,-1,-0.7
19159,IA,Ringgold,-1,-0.7
19161,IA,Sac,-1,-0.7
19163,IA,Scott,-1,-0.7
19165,IA,Shelby,-1,-0.7
19167,IA,Sioux,-1,-0.7
19169,IA,Story,-1,-0.7
19171,IA,Tama,-1,-0.7
19173,IA,Taylor,-1,-0.7
19175,IA,Union,-1,-0.7
19177,IA,Van Buren,-1,-0.7
19179,IA,Wapello,-1,-0.7
19181,IA,Warren,-1,-0.7
19183,IA,Washington,-1,-0.7
19185,IA,Wayne,-1,-0.7
19187,IA,Webster,-1,-0.7
19189,IA,Winnebago,-1,-0.7
19191,IA,Winneshiek,-1,-0.7
19193,IA,Woodbury,-1,-0.7
19195,IA,Worth,-1,-0.7
19197,IA,Wright,-1,-0.7
20001,KS,Allen,-2.6,-0.8
20003,KS,Anderson,-2.6,-0.8
20005,KS,Atchison,-2.6,-0.8
20007,KS,Barber,-2.6,-0.8
20009,KS,Barton,-2.6,-0.8
20011,KS,Bourbon,-2.6,-0.8
20013,KS,Brown,-2.6,-0.8
20015,KS,Butler,-2.6,-0.8
20017,KS,Chase,-2.6,-0.8
20019,KS,Chautauqua,-2.6,-0.8
20021,KS,Cherokee,-2.6,-0.8
20023,KS,Cheyenne,-2.6,-0.8
20025,KS,Clark,-2.6,-0.8
20027,KS,Clay,-2.6,-0.8
20029,KS,Cloud,-2.6,-0.8
20031,KS,Coffey,-2.6,-0.8
20033,KS,Comanche,-2.6,-0.8
20035,KS,Cowley,-2.6,-0.8
20037,KS,Crawford,-2.6,-0.8
20039,KS,Decatur,-2.6,-0.8
20041,KS,Dickinson,-2.6,-0.8
20043,KS,Doniphan,-2.6,-0.8
20045,KS,Douglas,-2.6,-0.8
20047,KS,Edwards,-2.6,-0.8
20049,KS,Elk,-2.6,-0.8
20051,KS,Ellis,-2.6,-0.8
20053,KS,Ellsworth,-2.6,-0.8
20055,KS,Finney,-2.6,-0.8
20057,KS,Ford,-2.6,-0.8
20059,KS,Franklin,-2.6,-0.8
20061,KS,Geary,-2.6,-0.8
20063,KS,Gove,-2.6,-0.8
20065,KS,Graham,-2.6,-0.8
20067,KS,Grant,-2.6,-0.8
20069,KS,Gray,-2.6,-0.8
20071,KS,Greeley,-2.6,-0.8
20073,KS,Greenwood,-2.6,-0.8
20075,KS,Hamilton,-2.6,-0.8
20077,KS,Harper,-2.6,-0.8
20079,KS,Harvey,-2.6,-0.8
20081,KS,Haskell,-2.6,-0.8
20083,KS,Hodgeman,-2.6,-0.8
20085,KS,Jackson,-2.6,-0.8
20087,KS,Jefferson,-2.6,-0.8
20089,KS,Jewell,-2.6,-0.8
20091,KS,Johnson,-2.6,-0.8
20093,KS,Kearny,-2.6,-0.8
20095,KS,Kingman,-2.6,-0.8
20097,KS,Kiowa,-2.6,-0.8
20099,KS,Labette,-2.6,-0.8
20101,KS,Lane,-2.6,-0.8
20103,KS,Leavenworth,-2.6,-0.8
20105,KS,Lincoln,-2.6,-0.8
20107,KS,Linn,-2.6,-0.8
20109,KS,Logan,-2.6,-0.8
20111,KS,Lyon,-2.6,-0.8
20113,KS,McPherson,-2.6,-0.8
20115,KS,Marion,-2.6,-0.8
20117,KS,Marshall,-2.6,-0.8
20119,KS,Meade,-2.6,-0.8
20121,KS,Miami,-2.6,-0.8
20123,KS,Mitchell,-2.6,-0.8
20125,KS,Montgomery,-2.6,-0.8
20127,KS,Morris,-2.6,-0.8
20129,KS,Morton,-2.6,-0.8
20131,KS,Nemaha,-2.6,-0.8
20133,KS,Neosho,-2.6,-0.8
20135,KS,Ness,-2.6,-0.8
20137,KS,Norton,-2.6,-0.8
20139,KS,Osage,-2.6,-0.8
20141,KS,Osborne,-2.6,-0.8
20143,KS,Ottawa,-2.6,-0.8
20145,KS,Pawnee,-2.6,-0.8
20147,KS,Phillips,-2.6,-0.8
20149,KS,Pottawatomie,-2.6,-0.8
20151,KS,Pratt,-2.6,-0.8
20153,KS,Rawlins,-2.6,-0.8
20155,KS,Reno,-2.6,-0.8
20157,KS,Republic,-2.6,-0.8
20159,KS,Rice,-2.6,-0.8
20161,KS,Riley,-2.6,-0.8
20163,KS,Rooks,-2.6,-0.8
20165,KS,Rush,-2.6,-0.8
20167,KS,Russell,-2.6,-0.8
20169,KS,Saline,-2.6,-0.8
20171,KS,Scott,-2.6,-0.8
20173,KS,Sedgwick,-2.6,-0.8
20175,KS,Seward,-2.6,-0.8
20177,KS,Shawnee,-2.6,-0.8
20179,KS,Sheridan,-2.6,-0.8
20181,KS,Sherman,-2.6,-0.8
20183,KS,Smith,-2.6,-0.8
20185,KS,Stafford,-2.6,-0.8
20187,KS,Stanton,-2.6,-0.8
20189,KS,Stevens,-2.6,-0.8
20191,KS,Sumner,-2.6,-0.8
20193,KS,Thomas,-2.6,-0.8
20195,KS,Trego,-2.6,-0.8
20197,KS,Wabaunsee,-2.6,-0.8
20199,KS,Wallace,-2.6,-0.8
20201,KS,Washington,-2.6,-0.8
20203,KS,Wichita,-2.6,-0.8
20205,KS,Wilson,-2.6,-0.8
20207,KS,Woodson,-2.6,-0.8
20209,KS,Wyandotte,-2.6,-0.8
21001,KY,Adair,-2.8,-0.9
21003,KY,Allen,-2.8,-0.9
21005,KY,Anderson,-2.8,-0.9
21007,KY,Ballard,-2.8,-0.9
21009,KY,Barren,-2.8,-0.9
21011,KY,Bath,-2.8,-0.9
21013,KY,Bell,-2.8,-0.9
21015,KY,Boone,-2.8,-0.9
21017,KY,Bourbon,-2.8,-0.9
21019,KY,Boyd,-2.8,-0.9
21021,KY,Boyle,-2.8,-0.9
21023,KY,Bracken,-2.8,-0.9
21025,KY,Breathitt,-2.8,-0.9
21027,KY,Breckinridge,-2.8,-0.9
21029,KY,Bullitt,-2.8,-0.9
21031,KY,Butler,-2.8,-0.9
21033,KY,Caldwell,-2.8,-0.9
21035,KY,Calloway,-2.8,-0.9
21037,KY,Campbell,-2.8,-0.9
21039,KY,Carlisle,-2.8,-0.9
21041,KY,Carroll,-2.8,-0.9
21043,KY,Carter,-2.8,-0.9
21045,KY,Casey,-2.8,-0.9
21047,KY,Christian,-2.8,-0.9
21049,KY,Clark,-2.8,-0.9
21051,KY,Clay,-2.8,-0.9
21053,KY,Clinton,-2.8,-0.9
21055,KY,Crittenden,-2.8,-0.9
21057,KY,Cumberland,-2.8,-0.9
21059,KY,Daviess,-2.8,-0.9
21061,KY,Edmonson,-2.8,-0.9
21063,KY,Elliott,-2.8,-0.9
21065,KY,Estill,-2.8,-0.9
21067,KY,Fayette,-2.8,-0.9
21069,KY,Fleming,-2.8,-0.9
21071,KY,Floyd,-2.8,-0.9
21073,KY,Franklin,-2.8,-0.9
21075,KY,Fulton,-2.8,-0.9
21077,KY,Gallatin,-2.8,-0.9
21079,KY,Garrard,-2.8,-0.9
21081,KY,Grant,-2.8,-0.9
21083,KY,Graves,-2.8,-0.9
21085,KY,Grayson,-2.8,-0.9
21087,KY,Green,-2.8,-0.9
21089,KY,Greenup,-2.8,-0.9
21091,KY,Hancock,-2.8,-0.9
21093,KY,Hardin,-2.8,-0.9
21095,KY,Harlan,-2.8,-0.9
21097,KY,Harrison,-2.8,-0.9
21099,KY,Hart,-2.8,-0.9
21101,KY,Henderson,-2.8,-0.9
21103,KY,Henry,-2.8,-0.9
21105,KY,Hickman,-2.8,-0.9
21107,KY,Hopkins,-2.8,-0.9
21109,KY,Jackson,-2.8,-0.9
21111,KY,Jefferson,-2.8,-0.9
21113,KY,Jessamine,-2.8,-0.9
21115,KY,Johnson,-2.8,-0.9
21117,KY,Kenton,-2.8,-0.9
21119,KY,Knott,-2.8,-0.9
21121,KY,Knox,-2.8,-0.9
21123,KY,Larue,-2.8,-0.9
21125,KY,Laurel,-2.8,-0.9
21127,KY,Lawrence,-2.8,-0.9
21129,KY,Lee,-2.8,-0.9
21131,KY,Leslie,-2.8,-0.9
21133,KY,Letcher,-2.8,-0.9
21135,KY,Lewis,-2.8,-0.9
21137,KY,Lincoln,-2.8,-0.9
21139,KY,Livingston,-2.8,-0.9
21141,KY,Logan,-2.8,-0.9
21143,KY,Lyon,-2.8,-0.9
21145,KY,McCracken,-2.8,-0.9
21147,KY,McCreary,-2.8,-0.9
21149,KY,McLean,-2.8,-0.9
21151,KY,Madison,-2.8,-0.9
21153,KY,Magoffin,-2.8,-0.9
21155,KY,Marion,-2.8,-0.9
21157,KY,Marshall,-2.8,-0.9
21159,KY,Martin,-2.8,-0.9
21161,KY,Mason,-2.8,-0.9
21163,KY,Meade,-2.8,-0.9
21165,KY,Menifee,-2.8,-0.9
21167,KY,Mercer,-2.8,-0.9
21169,KY,Metcalfe,-2.8,-0.9
21171,KY,Monroe,-2.8,-0.9
21173,KY,Montgomery,-2.8,-0.9
21175,KY,Morgan,-2.8,-0.9
21177,KY,Muhlenberg,-2.8,-0.9
21179,KY,Nelson,-2.8,-0.9
21181,KY,Nicholas,-2.8,-0.9
21183,KY,Ohio,-2.8,-0.9
21185,KY,Oldham,-2.8,-0.9
21187,KY,Owen,-2.8,-0.9
21189,KY,Owsley,-2.8,-0.9
21191,KY,Pendleton,-2.8,-0.9
21193,KY,Perry,-2.8,-0.9
21195,KY,Pike,-2.8,-0.9
21197,KY,Powell,-2.8,-0.9
21199,KY,Pulaski,-2.8,-0.9
21201,KY,Robertson,-2.8,-0.9
21203,KY,Rockcastle,-2.8,-0.9
21205,KY,Rowan,-2.8,-0.9
21207,KY,Russell,-2.8,-0.9
21209,KY,Scott,-2.8,-0.9
21211,KY,Shelby,-2.8,-0.9
21213,KY,Simpson,-2.8,-0.9
21215,KY,Spencer,-2.8,-0.9
21217,KY,Taylor,-2.8,-0.9
21219,KY,Todd,-2.8,-0.9
21221,KY,Trigg,-2.8,-0.9
21223,KY,Trimble,-2.8,-0.9
21225,KY,Union,-2.8,-0.9
21227,KY,Warren,-2.8,-0.9
21229,KY,Washington,-2.8,-0.9
21231,KY,Wayne,-2.8,-0.9
21233,KY,Webster,-2.8,-0.9
21235,KY,Whitley,-2.8,-0.9
21237,KY,Wolfe,-2.8,-0.9
21239,KY,Woodford,-2.8,-0.9
22001,LA,Acadia,-0.3,0
22003,LA,Allen,-0.3,0
22005,LA,Ascension,-0.3,0
22007,LA,Assumption,-0.3,0
22009,LA,Avoyelles,-0.3,0
22011,LA,Beauregard,-0.3,0
22013,LA,Bienville,-0.3,0
22015,LA,Bossier,-0.3,0
22017,LA,Caddo,-0.3,0
22019,LA,Calcasieu,-0.3,0
22021,LA,Caldwell,-0.3,0
22023,LA,Cameron,-0.3,0
22025,LA,Catahoula,-0.3,0
22027,LA,Claiborne,-0.3,0
22029,LA,Concordia,-0.3,0
22031,LA,De Soto,-0.3,0
22033,LA,East Baton Rouge,-0.3,0
22035,LA,East Carroll,-0.3,0
22037,LA,East Feliciana,-0.3,0
22039,LA,Evangeline,-0.3,0
22041,LA,Franklin,-0.3,0
22043,LA,Grant,-0.3,0
22045,LA,Iberia,-0.3,0
22047,LA,Iberville,-0.3,0
22049,LA,Jackson,-0.3,0
22051,LA,Jefferson,-0.3,0
22053,LA,Jefferson Davis,-0.3,0
22055,LA,Lafayette,-0.3,0
22057,LA,Lafourche,-0.3,0
22059,LA,La Salle,-0.3,0
22061,LA,Lincoln,-0.3,0
22063,LA,Livingston,-0.3,0
22065,LA,Madison,-0.3,0
22067,LA,Morehouse,-0.3,0
22069,LA,Natchitoches,-0.3,0
22071,LA,Orleans,-0.3,0
22073,LA,Ouachita,-0.3,0
22075,LA,Plaquemines,-0.3,0
22077,LA,Pointe Coupee,-0.3,0
22079,LA,Rapides,-0.3,0
22081,LA,Red River,-0.3,0
22083,LA,Richland,-0.3,0
22085,LA,Sabine,-0.3,0
22087,LA,St. Bernard,-0.3,0
22089,LA,St. Charles,-0.3,0
22091,LA,St. Helena,-0.3,0
22093,LA,St. James,-0.3,0
22095,LA,St. John the Baptist,-0.3,0
22097,LA,St. Landry,-0.3,0
22099,LA,St. Martin,-0.3,0
22101,LA,St. Mary,-0.3,0
22103,LA,St. Tammany,-0.3,0
22105,LA,Tangipahoa,-0.3,0
22107,LA,Tensas,-0.3,0
22109,LA,Terrebonne,-0.3,0
22111,LA,Union,-0.3,0
22113,LA,Vermilion,-0.3,0
22115,LA,Vernon,-0.3,0
22117,LA,Washington,-0.3,0
22119,LA,Webster,-0.3,0
22121,LA,West Baton Rouge,-0.3,0
22123,LA,West Carroll,-0.3,0
22125,LA,West Feliciana,-0.3,0
22127,LA,Winn,-0.3,0
23001,ME,Androscoggin,0.6,-0.3
23003,ME,Aroostook,0.6,-0.3
23005,ME,Cumberland,0.6,-0.3
23007,ME,Franklin,0.6,-0.3
23009,ME,Hancock,0.6,-0.3
23011,ME,Kennebec,0.6,-0.3
23013,ME,Knox,0.6,-0.3
23015,ME,Lincoln,0.6,-0.3
23017,ME,Oxford,0.6,-0.3
23019,ME,Penobscot,0.6,-0.3
23021,ME,Piscataquis,0.6,-0.3
23023,ME,Sagadahoc,0.6,-0.3
23025,ME,Somerset,0.6,-0.3
23027,ME,Waldo,0.6,-0.3
23029,ME,Washington,0.6,-0.3
23031,ME,York,0.6,-0.3
24001,MD,Allegany,-2.1,-0.5
24003,MD,Anne Arundel,-2.1,-0.5
24005,MD,Baltimore,-2.1,-0.5
24009,MD,Calvert,-2.1,-0.5
24011,MD,Caroline,-2.1,-0.5
24013,MD,Carroll,-2.1,-0.5
24015,MD,Cecil,-2.1,-0.5
24017,MD,Charles,-2.1,-0.5
24019,MD,Dorchester,-2.1,-0.5
24021,MD,Frederick,-2.1,-0.5
24023,MD,Garrett,-2.1,-0.5
24025,MD,Harford,-2.1,-0.5
24027,MD,Howard,-2.1,-0.5
24029,MD,Kent,-2.1,-0.5
24031,MD,Montgomery,-2.1,-0.5
24033,MD,Prince George's,-2.1,-0.5
24035,MD,Queen Anne's,-2.1,-0.5
24037,MD,St. Mary's,-2.1,-0.5
24039,MD,Somerset,-2.1,-0.5
24041,MD,Talbot,-2.1,-0.5
24043,MD,Washington,-2.1,-0.5
24045,MD,Wicomico,-2.1,-0.5
24047,MD,Worcester,-2.1,-0.5
24510,MD,Baltimore,-2.1,-0.5
25001,MA,Barnstable,-1.8,-1.1
25003,MA,Berkshire,-1.8,-1.1
25005,MA,Bristol,-1.8,-1.1
25007,MA,Dukes,-1.8,-1.1
25009,MA,Essex,-1.8,-1.1
25011,MA,Franklin,-1.8,-1.1
25013,MA,Hampden,-1.8,-1.1
25015,MA,Hampshire,-1.8,-1.1
25017,MA,Middlesex,-1.8,-1.1
25019,MA,Nantucket,-1.8,-1.1
25021,MA,Norfolk,-1.8,-1.1
25023,MA,Plymouth,-1.8,-1.1
25025,MA,Suffolk,-1.8,-1.1
25027,MA,Worcester,-1.8,-1.1
26001,MI,Alcona,-1.1,-0.3
26003,MI,Alger,-1.1,-0.3
26005,MI,Allegan,-1.1,-0.3
26007,MI,Alpena,-1.1,-0.3
26009,MI,Antrim,-1.1,-0.3
26011,MI,Arenac,-1.1,-0.3
26013,MI,Baraga,-1.1,-0.3
26015,MI,Barry,-1.1,-0.3
26017,MI,Bay,-1.1,-0.3
26019,MI,Benzie,-1.1,-0.3
26021,MI,Berrien,-1.1,-0.3
26023,MI,Branch,-1.1,-0.3
26025,MI,Calhoun,-1.1,-0.3
26027,MI,Cass,-1.1,-0.3
26029,MI,Charlevoix,-1.1,-0.3
26031,MI,Cheboygan,-1.1,-0.3
26033,MI,Chippewa,-1.1,-0.3
26035,MI,Clare,-1.1,-0.3
26037,MI,Clinton,-1.1,-0.3
26039,MI,Crawford,-1.1,-0.3
26041,MI,Delta,-1.1,-0.3
26043,MI,Dickinson,-1.1,-0.3
26045,MI,Eaton,-1.1,-0.3
26047,MI,Emmet,-1.1,-0.3
26049,MI,Genesee,-1.1,-0.3
26051,MI,Gladwin,-1.1,-0.3
26053,MI,Gogebic,-1.1,-0.3
26055,MI,Grand Traverse,-1.1,-0.3
26057,MI,Gratiot,-1.1,-0.3
26059,MI,Hillsdale,-1.1,-0.3
26061,MI,Houghton,-1.1,-0.3
26063,MI,Huron,-1.1,-0.3
26065,MI,Ingham,-1.1,-0.3
26067,MI,Ionia,-1.1,-0.3
26069,MI,Iosco,-1.1,-0.3
26071,MI,Iron,-1.1,-0.3
26073,MI,Isabella,-1.1,-0.3
26075,MI,Jackson,-1.1,-0.3
26077,MI,Kalamazoo,-1.1,-0.3
26079,MI,Kalkaska,-1.1,-0.3
26081,MI,Kent,-1.1,-0.3
26083,MI,Keweenaw,-1.1,-0.3
26085,MI,Lake,-1.1,-0.3
26087,MI,Lapeer,-1.1,-0.3
26089,MI,Leelanau,-1.1,-0.3
26091,MI,Lenawee,-1.1,-0.3
26093,MI,Livingston,-1.1,-0.3
26095,MI,Luce,-1.1,-0.3
26097,MI,Mackinac,-1.1,-0.3
26099,MI,Macomb,-1.1,-0.3
26101,MI,Manistee,-1.1,-0.3
26103,MI,Marquette,-1.1,-0.3
26105,MI,Mason,-1.1,-0.3
26107,MI,Mecosta,-1.1,-0.3
26109,MI,Menominee,-1.1,-0.3
26111,MI,Midland,-1.1,-0.3
26113,MI,Missaukee,-1.1,-0.3
26115,MI,Monroe,-1.1,-0.3
26117,MI,Montcalm,-1.1,-0.3
26119,MI,Montmorency,-1.1,-0.3
26121,MI,Muskegon,-1.1,-0.3
26123,MI,Newaygo,-1.1,-0.3
26125,MI,Oakland,-1.1,-0.3
26127,MI,Oceana,-1.1,-0.3
26129,MI,Ogemaw,-1.1,-0.3
26131,MI,Ontonagon,-1.1,-0.3
26133,MI,Osceola,-1.1,-0.3
26135,MI,Oscoda,-1.1,-0.3
26137,MI,Otsego,-1.1,-0.3
26139,MI,Ottawa,-1.1,-0.3
26141,MI,Presque Isle,-1.1,-0.3
26143,MI,Roscommon,-1.1,-0.3
26145,MI,Saginaw,-1.1,-0.3
26147,MI,St. Clair,-1.1,-0.3
26149,MI,St. Joseph,-1.1,-0.3
26151,MI,Sanilac,-1.1,-0.3
26153,MI,Schoolcraft,-1.1,-0.3
26155,MI,Shiawassee,-1.1,-0.3
26157,MI,Tuscola,-1.1,-0.3
26159,MI,Van Buren,-1.1,-0.3
26161,MI,Washtenaw,-1.1,-0.3
26163,MI,Wayne,-1.1,-0.3
26165,MI,Wexford,-1.1,-0.3
27001,MN,Aitkin,-0.9,-0.5
27003,MN,Anoka,-0.9,-0.5
27005,MN,Becker,-0.9,-0.5
27007,MN,Beltrami,-0.9,-0.5
27009,MN,Benton,-0.9,-0.5
27011,MN,Big Stone,-0.9,-0.5
27013,MN,Blue Earth,-0.9,-0.5
27015,MN,Brown,-0.9,-0.5
27017,MN,Carlton,-0.9,-0.5
27019,MN,Carver,-0.9,-0.5
27021,MN,Cass,-0.9,-0.5
27023,MN,Chippewa,-0.9,-0.5
27025,MN,Chisago,-0.9,-0.5
27027,MN,Clay,-0.9,-0.5
27029,MN,Clearwater,-0.9,-0.5
27031,MN,Cook,-0.9,-0.5
27033,MN,Cottonwood,-0.9,-0.5
27035,MN,Crow Wing,-0.9,-0.5
27037,MN,Dakota,-0.9,-0.5
27039,MN,Dodge,-0.9,-0.5
27041,MN,Douglas,-0.9,-0.5
27043,MN,Faribault,-0.9,-0.5
27045,MN,Fillmore,-0.9,-0.5
27047,MN,Freeborn,-0.9,-0.5
27049,MN,Goodhue,-0.9,-0.5
27051,MN,Grant,-0.9,-0.5
27053,MN,Hennepin,-0.9,-0.5
27055,MN,Houston,-0.9,-0.5
27057,MN,Hubbard,-0.9,-0.5
27059,MN,Isanti,-0.9,-0.5
27061,MN,Itasca,-0.9,-0.5
27063,MN,Jackson,-0.9,-0.5
27065,MN,Kanabec,-0.9,-0.5
27067,MN,Kandiyohi,-0.9,-0.5
27069,MN,Kittson,-0.9,-0.5
27071,MN,Koochiching,-0.9,-0.5
27073,MN,Lac qui Parle,-0.9,-0.5
27075,MN,Lake,-0.9,-0.5
27077,MN,Lake of the Woods,-0.9,-0.5
27079,MN,Le Sueur,-0.9,-0.5
27081,MN,Lincoln,-0.9,-0.5
27083,MN,Lyon,-0.9,-0.5
27085,MN,McLeod,-0.9,-0.5
27087,MN,Mahnomen,-0.9,-0.5
27089,MN,Marshall,-0.9,-0.5
27091,MN,Martin,-0.9,-0.5
27093,MN,Meeker,-0.9,-0.5
27095,MN,Mille Lacs,-0.9,-0.5
27097,MN,Morrison,-0.9,-0.5
27099,MN,Mower,-0.9,-0.5
27101,MN,Murray,-0.9,-0.5
27103,MN,Nicollet,-0.9,-0.5
27105,MN,Nobles,-0.9,-0.5
27107,MN,Norman,-0.9,-0.5
27109,MN,Olmsted,-0.9,-0.5
27111,MN,Otter Tail,-0.9,-0.5
27113,MN,Pennington,-0.9,-0.5
27115,MN,Pine,-0.9,-0.5
27117,MN,Pipestone,-0.9,-0.5
27119,MN,Polk,-0.9,-0.5
27121,MN,Pope,-0.9,-0.5
27123,MN,Ramsey,-0.9,-0.5
27125,MN,Red Lake,-0.9,-0.5
27127,MN,Redwood,-0.9,-0.5
27129,MN,Renville,-0.9,-0.5
27131,MN,Rice,-0.9,-0.5
27133,MN,Rock,-0.9,-0.5
27135,MN,Roseau,-0.9,-0.5
27137,MN,St. Louis,-0.9,-0.5
27139,MN,Scott,-0.9,-0.5
27141,MN,Sherburne,-0.9,-0.5
27143,MN,Sibley,-0.9,-0.5
27145,MN,Stearns,-0.9,-0.5
27147,MN,Steele,-0.9,-0.5
27149,MN,Stevens,-0.9,-0.5
27151,MN,Swift,-0.9,-0.5
27153,MN,Todd,-0.9,-0.5
27155,MN,Traverse,-0.9,-0.5
27157,MN,Wabasha,-0.9,-0.5
27159,MN,Wadena,-0.9,-0.5
27161,MN,Waseca,-0.9,-0.5
27163,MN,Washington,-0.9,-0.5
27165,MN,Watonwan,-0.9,-0.5
27167,MN,Wilkin,-0.9,-0.5
27169,MN,Winona,-0.9,-0.5
27171,MN,Wright,-0.9,-0.5
27173,MN,Yellow Medicine,-0.9,-0.5
28001,MS,Adams,-4,-3.1
28003,MS,Alcorn,-4,-3.1
28005,MS,Amite,-4,-3.1
28007,MS,Attala,-4,-3.1
28009,MS,Benton,-4,-3.1
28011,MS,Bolivar,-4,-3.1
28013,MS,Calhoun,-4,-3.1
28015,MS,Carroll,-4,-3.1
28017,MS,Chickasaw,-4,-3.1
28019,MS,Choctaw,-4,-3.1
28021,MS,Claiborne,-4,-3.1
28023,MS,Clarke,-4,-3.1
28025,MS,Clay,-4,-3.1
28027,MS,Coahoma,-4,-3.1
28029,MS,Copiah,-4,-3.1
28031,MS,Covington,-4,-3.1
28033,MS,DeSoto,-4,-3.1
28035,MS,Forrest,-4,-3.1
28037,MS,Franklin,-4,-3.1
28039,MS,George,-4,-3.1
28041,MS,Greene,-4,-3.1
28043,MS,Grenada,-4,-3.1
28045,MS,Hancock,-4,-3.1
28047,MS,Harrison,-4,-3.1
28049,MS,Hinds,-4,-3.1
28051,MS,Holmes,-4,-3.1
28053,MS,Humphreys,-4,-3.1
28055,MS,Issaquena,-4,-3.1
28057,MS,Itawamba,-4,-3.1
28059,MS,Jackson,-4,-3.1
28061,MS,Jasper,-4,-3.1
28063,MS,Jefferson,-4,-3.1
28065,MS,Jefferson Davis,-4,-3.1
28067,MS,Jones,-4,-3.1
28069,MS,Kemper,-4,-3.1
28071,MS,Lafayette,-4,-3.1
28073,MS,Lamar,-4,-3.1
28075,MS,Lauderdale,-4,-3.1
28077,MS,Lawrence,-4,-3.1
28079,MS,Leake,-4,-3.1
28081,MS,Lee,-4,-3.1
28083,MS,Leflore,-4,-3.1
28085,MS,Lincoln,-4,-3.1
28087,MS,Lowndes,-4,-3.1
28089,MS,Madison,-4,-3.1
28091,MS,Marion,-4,-3.1
28093,MS,Marshall,-4,-3.1
28095,MS,Monroe,-4,-3.1
28097,MS,Montgomery,-4,-3.1
28099,MS,Neshoba,-4,-3.1
28101,MS,Newton,-4,-3.1
28103,MS,Noxubee,-4,-3.1
28105,MS,Oktibbeha,-4,-3.1
28107,MS,Panola,-4,-3.1
28109,MS,Pearl River,-4,-3.1
28111,MS,Perry,-4,-3.1
28113,MS,Pike,-4,-3.1
28115,MS,Pontotoc,-4,-3.1
28117,MS,Prentiss,-4,-3.1
28119,MS,Quitman,-4,-3.1
28121,MS,Rankin,-4,-3.1
28123,MS,Scott,-4,-3.1
28125,MS,Sharkey,-4,-3.1
28127,MS,Simpson,-4,-3.1
28129,MS,Smith,-4,-3.1
28131,MS,Stone,-4,-3.1
28133,MS,Sunflower,-4,-3.1
28135,MS,Tallahatchie,-4,-3.1
28137,MS,Tate,-4,-3.1
28139,MS,Tippah,-4,-3.1
28141,MS,Tishomingo,-4,-3.1
28143,MS,Tunica,-4,-3.1
28145,MS,Union,-4,-3.1
28147,MS,Walthall,-4,-3.1
28149,MS,Warren,-4,-3.1
28151,MS,Washington,-4,-3.1
28153,MS,Wayne,-4,-3.1
28155,MS,Webster,-4,-3.1
28157,MS,Wilkinson,-4,-3.1
28159,MS,Winston,-4,-3.1
28161,MS,Yalobusha,-4,-3.1
28163,MS,Yazoo,-4,-3.1
29001,MO,Adair,-4.8,-0.7
29003,MO,Andrew,-4.8,-0.7
29005,MO,Atchison,-4.8,-0.7
29007,MO,Audrain,-4.8,-0.7
29009,MO,Barry,-4.8,-0.7
29011,MO,Barton,-4.8,-0.7
29013,MO,Bates,-4.8,-0.7
29015,MO,Benton,-4.8,-0.7
29017,MO,Bollinger,-4.8,-0.7
29019,MO,Boone,-4.8,-0.7
29021,MO,Buchanan,-4.8,-0.7
29023,MO,Butler,-4.8,-0.7
29025,MO,Caldwell,-4.8,-0.7
29027,MO,Callaway,-4.8,-0.7
29029,MO,Camden,-4.8,-0.7
29031,MO,Cape Girardeau,-4.8,-0.7
29033,MO,Carroll,-4.8,-0.7
29035,MO,Carter,-4.8,-0.7
29037,MO,Cass,-4.8,-0.7
29039,MO,Cedar,-4.8,-0.7
29041,MO,Chariton,-4.8,-0.7
29043,MO,Christian,-4.8,-0.7
29045,MO,Clark,-4.8,-0.7
29047,MO,Clay,-4.8,-0.7
29049,MO,Clinton,-4.8,-0.7
29051,MO,Cole,-4.8,-0.7
29053,MO,Cooper,-4.8,-0.7
29055,MO,Crawford,-4.8,-0.7
29057,MO,Dade,-4.8,-0.7
29059,MO,Dallas,-4.8,-0.7
29061,MO,Daviess,-4.8,-0.7
29063,MO,DeKalb,-4.8,-0.7
29065,MO,Dent,-4.8,-0.7
29067,MO,Douglas,-4.8,-0.7
29069,MO,Dunklin,-4.8,-0.7
29071,MO,Franklin,-4.8,-0.7
29073,MO,Gasconade,-4.8,-0.7
29075,MO,Gentry,-4.8,-0.7
29077,MO,Greene,-4.8,-0.7
29079,MO,Grundy,-4.8,-0.7
29081,MO,Harrison,-4.8,-0.7
29083,MO,Henry,-4.8,-0.7
29085,MO,Hickory,-4.8,-0.7
29087,MO,Holt,-4.8,-0.7
29089,MO,Howard,-4.8,-0.7
29091,MO,Howell,-4.8,-0.7
29093,MO,Iron,-4.8,-0.7
29095,MO,Jackson,-4.8,-0.7
29097,MO,Jasper,-4.8,-0.7
29099,MO,Jefferson,-4.8,-0.7
29101,MO,Johnson,-4.8,-0.7
29103,MO,Knox,-4.8,-0.7
29105,MO,Laclede,-4.8,-0.7
29107,MO,Lafayette,-4.8,-0.7
29109,MO,Lawrence,-4.8,-0.7
29111,MO,Lewis,-4.8,-0.7
29113,MO,Lincoln,-4.8,-0.7
29115,MO,Linn,-4.8,-0.7
29117,MO,Livingston,-4.8,-0.7
29119,MO,McDonald,-4.8,-0.7
29121,MO,Macon,-4.8,-0.7
29123,MO,Madison,-4.8,-0.7
29125,MO,Maries,-4.8,-0.7
29127,MO,Marion,-4.8,-0.7
29129,MO,Mercer,-4.8,-0.7
29131,MO,Miller,-4.8,-0.7
29133,MO,Mississippi,-4.8,-0.7
29135,MO,Moniteau,-4.8,-0.7
29137,MO,Monroe,-4.8,-0.7
29139,MO,Montgomery,-4.8,-0.7
29141,MO,Morgan,-4.8,-0.7
29143,MO,New Madrid,-4.8,-0.7
29145,MO,Newton,-4.8,-0.7
29147,MO,Nodaway,-4.8,-0.7
29149,MO,Oregon,-4.8,-0.7
29151,MO,Osage,-4.8,-0.7
29153,MO,Ozark,-4.8,-0.7
29155,MO,Pemiscot,-4.8,-0.7
29157,MO,Perry,-4.8,-0.7
29159,MO,Pettis,-4.8,-0.7
29161,MO,Phelps,-4.8,-0.7
29163,MO,Pike,-4.8,-0.7
29165,MO,Platte,-4.8,-0.7
29167,MO,Polk,-4.8,-0.7
29169,MO,Pulaski,-4.8,-0.7
29171,MO,Putnam,-4.8,-0.7
29173,MO,Ralls,-4.8,-0.7
29175,MO,Randolph,-4.8,-0.7
29177,MO,Ray,-4.8,-0.7
29179,MO,Reynolds,-4.8,-0.7
29181,MO,Ripley,-4.8,-0.7
29183,MO,St. Charles,-4.8,-0.7
29185,MO,St. Clair,-4.8,-0.7
29186,MO,Ste. Genevieve,-4.8,-0.7
29187,MO,St. Francois,-4.8,-0.7
29189,MO,St. Louis,-4.8,-0.7
29195,MO,Saline,-4.8,-0.7
29197,MO,Schuyler,-4.8,-0.7
29199,MO,Scotland,-4.8,-0.7
29201,MO,Scott,-4.8,-0.7
29203,MO,Shannon,-4.8,-0.7
29205,MO,Shelby,-4.8,-0.7
29207,MO,Stoddard,-4.8,-0.7
29209,MO,Stone,-4.8,-0.7
29211,MO,Sullivan,-4.8,-0.7
29213,MO,Taney,-4.8,-0.7
29215,MO,Texas,-4.8,-0.7
29217,MO,Vernon,-4.8,-0.7
29219,MO,Warren,-4.8,-0.7
29221,MO,Washington,-4.8,-0.7
29223,MO,Wayne,-4.8,-0.7
29225,MO,Webster,-4.8,-0.7
29227,MO,Worth,-4.8,-0.7
29229,MO,Wright,-4.8,-0.7
29510,MO,St. Louis,-4.8,-0.7
30001,MT,Beaverhead,-0.1,-0.8
30003,MT,Big Horn,-0.1,-0.8
30005,MT,Blaine,-0.1,-0.8
30007,MT,Broadwater,-0.1,-0.8
30009,MT,Carbon,-0.1,-0.8
30011,MT,Carter,-0.1,-0.8
30013,MT,Cascade,-0.1,-0.8
30015,MT,Chouteau,-0.1,-0.8
30017,MT,Custer,-0.1,-0.8
30019,MT,Daniels,-0.1,-0.8
30021,MT,Dawson,-0.1,-0.8
30023,MT,Deer Lodge,-0.1,-0.8
30025,MT,Fallon,-0.1,-0.8
30027,MT,Fergus,-0.1,-0.8
30029,MT,Flathead,-0.1,-0.8
30031,MT,Gallatin,-0.1,-0.8
30033,MT,Garfield,-0.1,-0.8
30035,MT,Glacier,-0.1,-0.8
30037,MT,Golden Valley,-0.1,-0.8
30039,MT,Granite,-0.1,-0.8
30041,MT,Hill,-0.1,-0.8
30043,MT,Jefferson,-0.1,-0.8
30045,MT,Judith Basin,-0.1,-0.8
30047,MT,Lake,-0.1,-0.8
30049,MT,Lewis and Clark,-0.1,-0.8
30051,MT,Liberty,-0.1,-0.8
30053,MT,Lincoln,-0.1,-0.8
30055,MT,McCone,-0.1,-0.8
30057,MT,Madison,-0.1,-0.8
30059,MT,Meagher,-0.1,-0.8
30061,MT,Mineral,-0.1,-0.8
30063,MT,Missoula,-0.1,-0.8
30065,MT,Musselshell,-0.1,-0.8
30067,MT,Park,-0.1,-0.8
30069,MT,Petroleum,-0.1,-0.8
30071,MT,Phillips,-0.1,-0.8
30073,MT,Pondera,-0.1,-0.8
30075,MT,Powder River,-0.1,-0.8
30077,MT,Powell,-0.1,-0.8
30079,MT,Prairie,-0.1,-0.8
30081,MT,Ravalli,-0.1,-0.8
30083,MT,Richland,-0.1,-0.8
30085,MT,Roosevelt,-0.1,-0.8
30087,MT,Rosebud,-0.1,-0.8
30089,MT,Sanders,-0.1,-0.8
30091,MT,Sheridan,-0.1,-0.8
30093,MT,Silver Bow,-0.1,-0.8
30095,MT,Stillwater,-0.1,-0.8
30097,MT,Sweet Grass,-0.1,-0.8
30099,MT,Teton,-0.1,-0.8
30101,MT,Toole,-0.1,-0.8
30103,MT,Treasure,-0.1,-0.8
30105,MT,Valley,-0.1,-0.8
30107,MT,Wheatland,-0.1,-0.8
30109,MT,Wibaux,-0.1,-0.8
30111,MT,Yellowstone,-0.1,-0.8
31001,NE,Adams,-2.3,-0.8
31003,NE,Antelope,-2.3,-0.8
31005,NE,Arthur,-2.3,-0.8
31007,NE,Banner,-2.3,-0.8
31009,NE,Blaine,-2.3,-0.8
31011,NE,Boone,-2.3,-0.8
31013,NE,Box Butte,-2.3,-0.8
31015,NE,Boyd,-2.3,-0.8
31017,NE,Brown,-2.3,-0.8
31019,NE,Buffalo,-2.3,-0.8
31021,NE,Burt,-2.3,-0.8
31023,NE,Butler,-2.3,-0.8
31025,NE,Cass,-2.3,-0.8
31027,NE,Cedar,-2.3,-0.8
31029,NE,Chase,-2.3,-0.8
31031,NE,Cherry,-2.3,-0.8
31033,NE,Cheyenne,-2.3,-0.8
31035,NE,Clay,-2.3,-0.8
31037,NE,Colfax,-2.3,-0.8
31039,NE,Cuming,-2.3,-0.8
31041,NE,Custer,-2.3,-0.8
31043,NE,Dakota,-2.3,-0.8
31045,NE,Dawes,-2.3,-0.8
31047,NE,Dawson,-2.3,-0.8
31049,NE,Deuel,-2.3,-0.8
31051,NE,Dixon,-2.3,-0.8
31053,NE,Dodge,-2.3,-0.8
31055,NE,Douglas,-2.3,-0.8
31057,NE,Dundy,-2.3,-0.8
31059,NE,Fillmore,-2.3,-0.8
31061,NE,Franklin,-2.3,-0.8
31063,NE,Frontier,-2.3,-0.8
31065,NE,Furnas,-2.3,-0.8
31067,NE,Gage,-2.3,-0.8
31069,NE,Garden,-2.3,-0.8
31071,NE,Garfield,-2.3,-0.8
31073,NE,Gosper,-2.3,-0.8
31075,NE,Grant,-2.3,-0.8
31077,NE,Greeley,-2.3,-0.8
31079,NE,Hall,-2.3,-0.8
31081,NE,Hamilton,-2.3,-0.8
31083,NE,Harlan,-2.3,-0.8
31085,NE,Hayes,-2.3,-0.8
31087,NE,Hitchcock,-2.3,-0.8
31089,NE,Holt,-2.3,-0.8
31091,NE,Hooker,-2.3,-0.8
31093,NE,Howard,-2.3,-0.8
31095,NE,Jefferson,-2.3,-0.8
31097,NE,Johnson,-2.3,-0.8
31099,NE,Kearney,-2.3,-0.8
31101,NE,Keith,-2.3,-0.8
31103,NE,Keya Paha,-2.3,-0.8
31105,NE,Kimball,-2.3,-0.8
31107,NE,Knox,-2.3,-0.8
31109,NE,Lancaster,-2.3,-0.8
31111,NE,Lincoln,-2.3,-0.8
31113,NE,Logan,-2.3,-0.8
31115,NE,Loup,-2.3,-0.8
31117,NE,McPherson,-2.3,-0.8
31119,NE,Madison,-2.3,-0.8
31121,NE,Merrick,-2.3,-0.8
31123,NE,Morrill,-2.3,-0.8
31125,NE,Nance,-2.3,-0.8
31127,NE,Nemaha,-2.3,-0.8
31129,NE,Nuckolls,-2.3,-0.8
31131,NE,Otoe,-2.3,-0.8
31133,NE,Pawnee,-2.3,-0.8
31135,NE,Perkins,-2.3,-0.8
31137,NE,Phelps,-2.3,-0.8
31139,NE,Pierce,-2.3,-0.8
31141,NE,Platte,-2.3,-0.8
31143,NE,Polk,-2.3,-0.8
31145,NE,Red Willow,-2.3,-0.8
31147,NE,Richardson,-2.3,-0.8
31149,NE,Rock,-2.3,-0.8
31151,NE,Saline,-2.3,-0.8
31153,NE,Sarpy,-2.3,-0.8
31155,NE,Saunders,-2.3,-0.8
31157,NE,Scotts Bluff,-2.3,-0.8
31159,NE,Seward,-2.3,-0.8
31161,NE,Sheridan,-2.3,-0.8
31163,NE,Sherman,-2.3,-0.8
31165,NE,Sioux,-2.3,-0.8
31167,NE,Stanton,-2.3,-0.8
31169,NE,Thayer,-2.3,-0.8
31171,NE,Thomas,-2.3,-0.8
31173,NE,Thurston,-2.3,-0.8
31175,NE,Valley,-2.3,-0.8
31177,NE,Washington,-2.3,-0.8
31179,NE,Wayne,-2.3,-0.8
31181,NE,Webster,-2.3,-0.8
31183,NE,Wheeler,-2.3,-0.8
31185,NE,York,-2.3,-0.8
32001,NV,Churchill,0.6,0.6
32003,NV,Clark,0.6,0.6
32005,NV,Douglas,0.6,0.6
32007,NV,Elko,0.6,0.6
32009,NV,Esmeralda,0.6,0.6
32011,NV,Eureka,0.6,0.6
32013,NV,Humboldt,0.6,0.6
32015,NV,Lander,0.6,0.6
32017,NV,Lincoln,0.6,0.6
32019,NV,Lyon,0.6,0.6
32021,NV,Mineral,0.6,0.6
32023,NV,Nye,0.6,0.6
32027,NV,Pershing,0.6,0.6
32029,NV,Storey,0.6,0.6
32031,NV,Washoe,0.6,0.6
32033,NV,White Pine,0.6,0.6
32510,NV,Carson City,0.6,0.6
33001,NH,Belknap,-0.4,-0.1
33003,NH,Carroll,-0.4,-0.1
33005,NH,Cheshire,-0.4,-0.1
33007,NH,Coos,-0.4,-0.1
33009,NH,Grafton,-0.4,-0.1
33011,NH,Hillsborough,-0.4,-0.1
33013,NH,Merrimack,-0.4,-0.1
33015,NH,Rockingham,-0.4,-0.1
33017,NH,Strafford,-0.4,-0.1
33019,NH,Sullivan,-0.4,-0.1
34001,NJ,Atlantic,-0.6,-1.3
34003,NJ,Bergen,-0.6,-1.3
34005,NJ,Burlington,-0.6,-1.3
34007,NJ,Camden,-0.6,-1.3
34009,NJ,Cape May,-0.6,-1.3
34011,NJ,Cumberland,-0.6,-1.3
34013,NJ,Essex,-0.6,-1.3
34015,NJ,Gloucester,-0.6,-1.3
34017,NJ,Hudson,-0.6,-1.3
34019,NJ,Hunterdon,-0.6,-1.3
34021,NJ,Mercer,-0.6,-1.3
34023,NJ,Middlesex,-0.6,-1.3
34025,NJ,Monmouth,-0.6,-1.3
34027,NJ,Morris,-0.6,-1.3
34029,NJ,Ocean,-0.6,-1.3
34031,NJ,Passaic,-0.6,-1.3
34033,NJ,Salem,-0.6,-1.3
34035,NJ,Somerset,-0.6,-1.3
34037,NJ,Sussex,-0.6,-1.3
34039,NJ,Union,-0.6,-1.3
34041,NJ,Warren,-0.6,-1.3
35001,NM,Bernalillo,-3.1,-1.9
35003,NM,Catron,-3.1,-1.9
35005,NM,Chaves,-3.1,-1.9
35006,NM,Cibola,-3.1,-1.9
35007,NM,Colfax,-3.1,-1.9
35009,NM,Curry,-3.1,-1.9
35011,NM,De Baca,-3.1,-1.9
35013,NM,Doña Ana,-3.1,-1.9
35015,NM,Eddy,-3.1,-1.9
35017,NM,Grant,-3.1,-1.9
35019,NM,Guadalupe,-3.1,-1.9
35021,NM,Harding,-3.1,-1.9
35023,NM,Hidalgo,-3.1,-1.9
35025,NM,Lea,-3.1,-1.9
35027,NM,Lincoln,-3.1,-1.9
35028,NM,Los Alamos,-3.1,-1.9
35029,NM,Luna,-3.1,-1.9
35031,NM,McKinley,-3.1,-1.9
35033,NM,Mora,-3.1,-1.9
35035,NM,Otero,-3.1,-1.9
35037,NM,Quay,-3.1,-1.9
35039,NM,Rio Arriba,-3.1,-1.9
35041,NM,Roosevelt,-3.1,-1.9
35043,NM,Sandoval,-3.1,-1.9
35045,NM,San Juan,-3.1,-1.9
35047,NM,San Miguel,-3.1,-1.9
35049,NM,Santa Fe,-3.1,-1.9
35051,NM,Sierra,-3.1,-1.9
35053,NM,Socorro,-3.1,-1.9
35055,NM,Taos,-3.1,-1.9
35057,NM,Torrance,-3.1,-1.9
35059,NM,Union,-3.1,-1.9
35061,NM,Valencia,-3.1,-1.9
36001,NY,Albany,5.6,2
36003,NY,Allegany,5.6,2
36005,NY,Bronx,5.6,2
36007,NY,Broome,5.6,2
36009,NY,Cattaraugus,5.6,2
36011,NY,Cayuga,5.6,2
36013,NY,Chautauqua,5.6,2
36015,NY,Chemung,5.6,2
36017,NY,Chenango,5.6,2
36019,NY,Clinton,5.6,2
36021,NY,Columbia,5.6,2
36023,NY,Cortland,5.6,2
36025,NY,Delaware,5.6,2
36027,NY,Dutchess,5.6,2
36029,NY,Erie,5.6,2
36031,NY,Essex,5.6,2
36033,NY,Franklin,5.6,2
36035,NY,Fulton,5.6,2
36037,NY,Genesee,5.6,2
36039,NY,Greene,5.6,2
36041,NY,Hamilton,5.6,2
36043,NY,Herkimer,5.6,2
36045,NY,Jefferson,5.6,2
36047,NY,Kings,5.6,2
36049,NY,Lewis,5.6,2
36051,NY,Livingston,5.6,2
36053,NY,Madison,5.6,2
36055,NY,Monroe,5.6,2
36057,NY,Montgomery,5.6,2
36059,NY,Nassau,5.6,2
36061,NY,New York,5.6,2
36063,NY,Niagara,5.6,2
36065,NY,Oneida,5.6,2
36067,NY,Onondaga,5.6,2
36069,NY,Ontario,5.6,2
36071,NY,Orange,5.6,2
36073,NY,Orleans,5.6,2
36075,NY,Oswego,5.6,2
36077,NY,Otsego,5.6,2
36079,NY,Putnam,5.6,2
36081,NY,Queens,5.6,2
36083,NY,Rensselaer,5.6,2
36085,NY,Richmond,5.6,2
36087,NY,Rockland,5.6,2
36089,NY,St. Lawrence,5.6,2
36091,NY,Saratoga,5.6,2
36093,NY,Schenectady,5.6,2
36095,NY,Schoharie,5.6,2
36097,NY,Schuyler,5.6,2
36099,NY,Seneca,5.6,2
36101,NY,Steuben,5.6,2
36103,NY,Suffolk,5.6,2
36105,NY,Sullivan,5.6,2
36107,NY,Tioga,5.6,2
36109,NY,Tompkins,5.6,2
36111,NY,Ulster,5.6,2
36113,NY,Warren,5.6,2
36115,NY,Washington,5.6,2
36117,NY,Wayne,5.6,2
36119,NY,Westchester,5.6,2
36121,NY,Wyoming,5.6,2
36123,NY,Yates,5.6,2
37001,NC,Alamance,-2.8,-1.2
37003,NC,Alexander,-2.8,-1.2
37005,NC,Alleghany,-2.8,-1.2
37007,NC,Anson,-2.8,-1.2
37009,NC,Ashe,-2.8,-1.2
37011,NC,Avery,-2.8,-1.2
37013,NC,Beaufort,-2.8,-1.2
37015,NC,Bertie,-2.8,-1.2
37017,NC,Bladen,-2.8,-1.2
37019,NC,Brunswick,-2.8,-1.2
37021,NC,Buncombe,-2.8,-1.2
37023,NC,Burke,-2.8,-1.2
37025,NC,Cabarrus,-2.8,-1.2
37027,NC,Caldwell,-2.8,-1.2
37029,NC,Camden,-2.8,-1.2
37031,NC,Carteret,-2.8,-1.2
37033,NC,Caswell,-2.8,-1.2
37035,NC,Catawba,-2.8,-1.2
37037,NC,Chatham,-2.8,-1.2
37039,NC,Cherokee,-2.8,-1.2
37041,NC,Chowan,-2.8,-1.2
37043,NC,Clay,-2.8,-1.2
37045,NC,Cleveland,-2.8,-1.2
37047,NC,Columbus,-2.8,-1.2
37049,NC,Craven,-2.8,-1.2
37051,NC,Cumberland,-2.8,-1.2
37053,NC,Currituck,-2.8,-1.2
37055,NC,Dare,-2.8,-1.2
37057,NC,Davidson,-2.8,-1.2
37059,NC,Davie,-2.8,-1.2
37061,NC,Duplin,-2.8,-1.2
37063,NC,Durham,-2.8,-1.2
37065,NC,Edgecombe,-2.8,-1.2
37067,NC,Forsyth,-2.8,-1.2
37069,NC,Franklin,-2.8,-1.2
37071,NC,Gaston,-2.8,-1.2
37073,NC,Gates,-2.8,-1.2
37075,NC,Graham,-2.8,-1.2
37077,NC,Granville,-2.8,-1.2
37079,NC,Greene,-2.8,-1.2
37081,NC,Guilford,-2.8,-1.2
37083,NC,Halifax,-2.8,-1.2
37085,NC,Harnett,-2.8,-1.2
37087,NC,Haywood,-2.8,-1.2
37089,NC,Henderson,-2.8,-1.2
37091,NC,Hertford,-2.8,-1.2
37093,NC,Hoke,-2.8,-1.2
37095,NC,Hyde,-2.8,-1.2
37097,NC,Iredell,-2.8,-1.2
37099,NC,Jackson,-2.8,-1.2
37101,NC,Johnston,-2.8,-1.2
37103,NC,Jones,-2.8,-1.2
37105,NC,Lee,-2.8,-1.2
37107,NC,Lenoir,-2.8,-1.2
37109,NC,Lincoln,-2.8,-1.2
37111,NC,McDowell,-2.8,-1.2
37113,NC,Macon,-2.8,-1.2
37115,NC,Madison,-2.8,-1.2
37117,NC,Martin,-2.8,-1.2
37119,NC,Mecklenburg,-2.8,-1.2
37121,NC,Mitchell,-2.8,-1.2
37123,NC,Montgomery,-2.8,-1.2
37125,NC,Moore,-2.8,-1.2
37127,NC,Nash,-2.8,-1.2
37129,NC,New Hanover,-2.8,-1.2
37131,NC,Northampton,-2.8,-1.2
37133,NC,Onslow,-2.8,-1.2
37135,NC,Orange,-2.8,-1.2
37137,NC,Pamlico,-2.8,-1.2
37139,NC,Pasquotank,-2.8,-1.2
37141,NC,Pender,-2.8,-1.2
37143,NC,Perquimans,-2.8,-1.2
37145,NC,Person,-2.8,-1.2
37147,NC,Pitt,-2.8,-1.2
37149,NC,Polk,-2.8,-1.2
37151,NC,Randolph,-2.8,-1.2
37153,NC,Richmond,-2.8,-1.2
37155,NC,Robeson,-2.8,-1.2
37157,NC,Rockingham,-2.8,-1.2
37159,NC,Rowan,-2.8,-1.2
37161,NC,Rutherford,-2.8,-1.2
37163,NC,Sampson,-2.8,-1.2
37165,NC,Scotland,-2.8,-1.2
37167,NC,Stanly,-2.8,-1.2
37169,NC,Stokes,-2.8,-1.2
37171,NC,Surry,-2.8,-1.2
37173,NC,Swain,-2.8,-1.2
37175,NC,Transylvania,-2.8,-1.2
37177,NC,Tyrrell,-2.8,-1.2
37179,NC,Union,-2.8,-1.2
37181,NC,Vance,-2.8,-1.2
37183,NC,Wake,-2.8,-1.2
37185,NC,Warren,-2.8,-1.2
37187,NC,Washington,-2.8,-1.2
37189,NC,Watauga,-2.8,-1.2
37191,NC,Wayne,-2.8,-1.2
37193,NC,Wilkes,-2.8,-1.2
37195,NC,Wilson,-2.8,-1.2
37197,NC,Yadkin,-2.8,-1.2
37199,NC,Yancey,-2.8,-1.2
38001,ND,Adams,-3.5,-1
38003,ND,Barnes,-3.5,-1
38005,ND,Benson,-3.5,-1
38007,ND,Billings,-3.5,-1
38009,ND,Bottineau,-3.5,-1
38011,ND,Bowman,-3.5,-1
38013,ND,Burke,-3.5,-1
38015,ND,Burleigh,-3.5,-1
38017,ND,Cass,-3.5,-1
38019,ND,Cavalier,-3.5,-1
38021,ND,Dickey,-3.5,-1
38023,ND,Divide,-3.5,-1
38025,ND,Dunn,-3.5,-1
38027,ND,Eddy,-3.5,-1
38029,ND,Emmons,-3.5,-1
38031,ND,Foster,-3.5,-1
38033,ND,Golden Valley,-3.5,-1
38035,ND,Grand Forks,-3.5,-1
38037,ND,Grant,-3.5,-1
38039,ND,Griggs,-3.5,-1
38041,ND,Hettinger,-3.5,-1
38043,ND,Kidder,-3.5,-1
38045,ND,LaMoure,-3.5,-1
38047,ND,Logan,-3.5,-1
38049,ND,McHenry,-3.5,-1
38051,ND,McIntosh,-3.5,-1
38053,ND,McKenzie,-3.5,-1
38055,ND,McLean,-3.5,-1
38057,ND,Mercer,-3.5,-1
38059,ND,Morton,-3.5,-1
38061,ND,Mountrail,-3.5,-1
38063,ND,Nelson,-3.5,-1
38065,ND,Oliver,-3.5,-1
38067,ND,Pembina,-3.5,-1
38069,ND,Pierce,-3.5,-1
38071,ND,Ramsey,-3.5,-1
38073,ND,Ransom,-3.5,-1
38075,ND,Renville,-3.5,-1
38077,ND,Richland,-3.5,-1
38079,ND,Rolette,-3.5,-1
38081,ND,Sargent,-3.5,-1
38083,ND,Sheridan,-3.5,-1
38085,ND,Sioux,-3.5,-1
38087,ND,Slope,-3.5,-1
38089,ND,Stark,-3.5,-1
38091,ND,Steele,-3.5,-1
38093,ND,Stutsman,-3.5,-1
38095,ND,Towner,-3.5,-1
38097,ND,Traill,-3.5,-1
38099,ND,Walsh,-3.5,-1
38101,ND,Ward,-3.5,-1
38103,ND,Wells,-3.5,-1
38105,ND,Williams,-3.5,-1
39001,OH,Adams,-3.2,-1.4
39003,OH,Allen,-3.2,-1.4
39005,OH,Ashland,-3.2,-1.4
39007,OH,Ashtabula,-3.2,-1.4
39009,OH,Athens,-3.2,-1.4
39011,OH,Auglaize,-3.2,-1.4
39013,OH,Belmont,-3.2,-1.4
39015,OH,Brown,-3.2,-1.4
39017,OH,Butler,-3.2,-1.4
39019,OH,Carroll,-3.2,-1.4
39021,OH,Champaign,-3.2,-1.4
39023,OH,Clark,-3.2,-1.4
39025,OH,Clermont,-3.2,-1.4
39027,OH,Clinton,-3.2,-1.4
39029,OH,Columbiana,-3.2,-1.4
39031,OH,Coshocton,-3.2,-1.4
39033,OH,Crawford,-3.2,-1.4
39035,OH,Cuyahoga,-3.2,-1.4
39037,OH,Darke,-3.2,-1.4
39039,OH,Defiance,-3.2,-1.4
39041,OH,Delaware,-3.2,-1.4
39043,OH,Erie,-3.2,-1.4
39045,OH,Fairfield,-3.2,-1.4
39047,OH,Fayette,-3.2,-1.4
39049,OH,Franklin,-3.2,-1.4
39051,OH,Fulton,-3.2,-1.4
39053,OH,Gallia,-3.2,-1.4
39055,OH,Geauga,-3.2,-1.4
39057,OH,Greene,-3.2,-1.4
39059,OH,Guernsey,-3.2,-1.4
39061,OH,Hamilton,-3.2,-1.4
39063,OH,Hancock,-3.2,-1.4
39065,OH,Hardin,-3.2,-1.4
39067,OH,Harrison,-3.2,-1.4
39069,OH,Henry,-3.2,-1.4
39071,OH,Highland,-3.2,-1.4
39073,OH,Hocking,-3.2,-1.4
39075,OH,Holmes,-3.2,-1.4
39077,OH,Huron,-3.2,-1.4
39079,OH,Jackson,-3.2,-1.4
39081,OH,Jefferson,-3.2,-1.4
39083,OH,Knox,-3.2,-1.4
39085,OH,Lake,-3.2,-1.4
39087,OH,Lawrence,-3.2,-1.4
39089,OH,Licking,-3.2,-1.4
39091,OH,Logan,-3.2,-1.4
39093,OH,Lorain,-3.2,-1.4
39095,OH,Lucas,-3.2,-1.4
39097,OH,Madison,-3.2,-1.4
39099,OH,Mahoning,-3.2,-1.4
39101,OH,Marion,-3.2,-1.4
39103,OH,Medina,-3.2,-1.4
39105,OH,Meigs,-3.2,-1.4
39107,OH,Mercer,-3.2,-1.4
39109,OH,Miami,-3.2,-1.4
39111,OH,Monroe,-3.2,-1.4
39113,OH,Montgomery,-3.2,-1.4
39115,OH,Morgan,-3.2,-1.4
39117,OH,Morrow,-3.2,-1.4
39119,OH,Muskingum,-3.2,-1.4
39121,OH,Noble,-3.2,-1.4
39123,OH,Ottawa,-3.2,-1.4
39125,OH,Paulding,-3.2,-1.4
39127,OH,Perry,-3.2,-1.4
39129,OH,Pickaway,-3.2,-1.4
39131,OH,Pike,-3.2,-1.4
39133,OH,Portage,-3.2,-1.4
39135,OH,Preble,-3.2,-1.4
39137,OH,Putnam,-3.2,-1.4
39139,OH,Richland,-3.2,-1.4
39141,OH,Ross,-3.2,-1.4
39143,OH,Sandusky,-3.2,-1.4
39145,OH,Scioto,-3.2,-1.4
39147,OH,Seneca,-3.2,-1.4
39149,OH,Shelby,-3.2,-1.4
39151,OH,Stark,-3.2,-1.4
39153,OH,Summit,-3.2,-1.4
39155,OH,Trumbull,-3.2,-1.4
39157,OH,Tuscarawas,-3.2,-1.4
39159,OH,Union,-3.2,-1.4
39161,OH,Van Wert,-3.2,-1.4
39163,OH,Vinton,-3.2,-1.4
39165,OH,Warren,-3.2,-1.4
39167,OH,Washington,-3.2,-1.4
39169,OH,Wayne,-3.2,-1.4
39171,OH,Williams,-3.2,-1.4
39173,OH,Wood,-3.2,-1.4
39175,OH,Wyandot,-3.2,-1.4
40001,OK,Adair,-1.5,-0.2
40003,OK,Alfalfa,-1.5,-0.2
40005,OK,Atoka,-1.5,-0.2
40007,OK,Beaver,-1.5,-0.2
40009,OK,Beckham,-1.5,-0.2
40011,OK,Blaine,-1.5,-0.2
40013,OK,Bryan,-1.5,-0.2
40015,OK,Caddo,-1.5,-0.2
40017,OK,Canadian,-1.5,-0.2
40019,OK,Carter,-1.5,-0.2
40021,OK,Cherokee,-1.5,-0.2
40023,OK,Choctaw,-1.5,-0.2
40025,OK,Cimarron,-1.5,-0.2
40027,OK,Cleveland,-1.5,-0.2
40029,OK,Coal,-1.5,-0.2
40031,OK,Comanche,-1.5,-0.2
40033,OK,Cotton,-1.5,-0.2
40035,OK,Craig,-1.5,-0.2
40037,OK,Creek,-1.5,-0.2
40039,OK,Custer,-1.5,-0.2
40041,OK,Delaware,-1.5,-0.2
40043,OK,Dewey,-1.5,-0.2
40045,OK,Ellis,-1.5,-0.2
40047,OK,Garfield,-1.5,-0.2
40049,OK,Garvin,-1.5,-0.2
40051,OK,Grady,-1.5,-0.2
40053,OK,Grant,-1.5,-0.2
40055,OK,Greer,-1.5,-0.2
40057,OK,Harmon,-1.5,-0.2
40059,OK,Harper,-1.5,-0.2
40061,OK,Haskell,-1.5,-0.2
40063,OK,Hughes,-1.5,-0.2
40065,OK,Jackson,-1.5,-0.2
40067,OK,Jefferson,-1.5,-0.2
40069,OK,Johnston,-1.5,-0.2
40071,OK,Kay,-1.5,-0.2
40073,OK,Kingfisher,-1.5,-0.2
40075,OK,Kiowa,-1.5,-0.2
40077,OK,Latimer,-1.5,-0.2
40079,OK,Le Flore,-1.5,-0.2
40081,OK,Lincoln,-1.5,-0.2
40083,OK,Logan,-1.5,-0.2
40085,OK,Love,-1.5,-0.2
40087,OK,McClain,-1.5,-0.2
40089,OK,McCurtain,-1.5,-0.2
40091,OK,McIntosh,-1.5,-0.2
40093,OK,Major,-1.5,-0.2
40095,OK,Marshall,-1.5,-0.2
40097,OK,Mayes,-1.5,-0.2
40099,OK,Murray,-1.5,-0.2
40101,OK,Muskogee,-1.5,-0.2
40103,OK,Noble,-1.5,-0.2
40105,OK,Nowata,-1.5,-0.2
40107,OK,Okfuskee,-1.5,-0.2
40109,OK,Oklahoma,-1.5,-0.2
40111,OK,Okmulgee,-1.5,-0.2
40113,OK,Osage,-1.5,-0.2
40115,OK,Ottawa,-1.5,-0.2
40117,OK,Pawnee,-1.5,-0.2
40119,OK,Payne,-1.5,-0.2
40121,OK,Pittsburg,-1.5,-0.2
40123,OK,Pontotoc,-1.5,-0.2
40125,OK,Pottawatomie,-1.5,-0.2
40127,OK,Pushmataha,-1.5,-0.2
40129,OK,Roger Mills,-1.5,-0.2
40131,OK,Rogers,-1.5,-0.2
40133,OK,Seminole,-1.5,-0.2
40135,OK,Sequoyah,-1.5,-0.2
40137,OK,Stephens,-1.5,-0.2
40139,OK,Texas,-1.5,-0.2
40141,OK,Tillman,-1.5,-0.2
40143,OK,Tulsa,-1.5,-0.2
40145,OK,Wagoner,-1.5,-0.2
40147,OK,Washington,-1.5,-0.2
40149,OK,Washita,-1.5,-0.2
40151,OK,Woods,-1.5,-0.2
40153,OK,Woodward,-1.5,-0.2
41001,OR,Baker,-3.2,-0.9
41003,OR,Benton,-3.2,-0.9
41005,OR,Clackamas,-3.2,-0.9
41007,OR,Clatsop,-3.2,-0.9
41009,OR,Columbia,-3.2,-0.9
41011,OR,Coos,-3.2,-0.9
41013,OR,Crook,-3.2,-0.9
41015,OR,Curry,-3.2,-0.9
41017,OR,Deschutes,-3.2,-0.9
41019,OR,Douglas,-3.2,-0.9
41021,OR,Gilliam,-3.2,-0.9
41023,OR,Grant,-3.2,-0.9
41025,OR,Harney,-3.2,-0.9
41027,OR,Hood River,-3.2,-0.9
41029,OR,Jackson,-3.2,-0.9
41031,OR,Jefferson,-3.2,-0.9
41033,OR,Josephine,-3.2,-0.9
41035,OR,Klamath,-3.2,-0.9
41037,OR,Lake,-3.2,-0.9
41039,OR,Lane,-3.2,-0.9
41041,OR,Lincoln,-3.2,-0.9
41043,OR,Linn,-3.2,-0.9
41045,OR,Malheur,-3.2,-0.9
41047,OR,Marion,-3.2,-0.9
41049,OR,Morrow,-3.2,-0.9
41051,OR,Multnomah,-3.2,-0.9
41053,OR,Polk,-3.2,-0.9
41055,OR,Sherman,-3.2,-0.9
41057,OR,Tillamook,-3.2,-0.9
41059,OR,Umatilla,-3.2,-0.9
41061,OR,Union,-3.2,-0.9
41063,OR,Wallowa,-3.2,-0.9
41065,OR,Wasco,-3.2,-0.9
41067,OR,Washington,-3.2,-0.9
41069,OR,Wheeler,-3.2,-0.9
41071,OR,Yamhill,-3.2,-0.9
42001,PA,Adams,0.8,-0.6
42003,PA,Allegheny,0.8,-0.6
42005,PA,Armstrong,0.8,-0.6
42007,PA,Beaver,0.8,-0.6
42009,PA,Bedford,0.8,-0.6
42011,PA,Berks,0.8,-0.6
42013,PA,Blair,0.8,-0.6
42015,PA,Bradford,0.8,-0.6
42017,PA,Bucks,0.8,-0.6
42019,PA,Butler,0.8,-0.6
42021,PA,Cambria,0.8,-0.6
42023,PA,Cameron,0.8,-0.6
42025,PA,Carbon,0.8,-0.6
42027,PA,Centre,0.8,-0.6
42029,PA,Chester,0.8,-0.6
42031,PA,Clarion,0.8,-0.6
42033,PA,Clearfield,0.8,-0.6
42035,PA,Clinton,0.8,-0.6
42037,PA,Columbia,0.8,-0.6
42039,PA,Crawford,0.8,-0.6
42041,PA,Cumberland,0.8,-0.6
42043,PA,Dauphin,0.8,-0.6
42045,PA,Delaware,0.8,-0.6
42047,PA,Elk,0.8,-0.6
42049,PA,Erie,0.8,-0.6
42051,PA,Fayette,0.8,-0.6
42053,PA,Forest,0.8,-0.6
42055,PA,Franklin,0.8,-0.6
42057,PA,Fulton,0.8,-0.6
42059,PA,Greene,0.8,-0.6
42061,PA,Huntingdon,0.8,-0.6
42063,PA,Indiana,0.8,-0.6
42065,PA,Jefferson,0.8,-0.6
42067,PA,Juniata,0.8,-0.6
42069,PA,Lackawanna,0.8,-0.6
42071,PA,Lancaster,0.8,-0.6
42073,PA,Lawrence,0.8,-0.6
42075,PA,Lebanon,0.8,-0.6
42077,PA,Lehigh,0.8,-0.6
42079,PA,Luzerne,0.8,-0.6
42081,PA,Lycoming,0.8,-0.6
42083,PA,McKean,0.8,-0.6
42085,PA,Mercer,0.8,-0.6
42087,PA,Mifflin,0.8,-0.6
42089,PA,Monroe,0.8,-0.6
42091,PA,Montgomery,0.8,-0.6
42093,PA,Montour,0.8,-0.6
42095,PA,Northampton,0.8,-0.6
42097,PA,Northumberland,0.8,-0.6
42099,PA,Perry,0.8,-0.6
42101,PA,Philadelphia,0.8,-0.6
42103,PA,Pike,0.8,-0.6
42105,PA,Potter,0.8,-0.6
42107,PA,Schuylkill,0.8,-0.6
42109,PA,Snyder,0.8,-0.6
42111,PA,Somerset,0.8,-0.6
42113,PA,Sullivan,0.8,-0.6
42115,PA,Susquehanna,0.8,-0.6
42117,PA,Tioga,0.8,-0.6
42119,PA,Union,0.8,-0.6
42121,PA,Venango,0.8,-0.6
42123,PA,Warren,0.8,-0.6
42125,PA,Washington,0.8,-0.6
42127,PA,Wayne,0.8,-0.6
42129,PA,Westmoreland,0.8,-0.6
42131,PA,Wyoming,0.8,-0.6
42133,PA,York,0.8,-0.6
44001,RI,Bristol,-0.3,0.9
44003,RI,Kent,-0.3,0.9
44005,RI,Newport,-0.3,0.9
44007,RI,Providence,-0.3,0.9
44009,RI,Washington,-0.3,0.9
45001,SC,Abbeville,-2.2,-1.1
45003,SC,Aiken,-2.2,-1.1
45005,SC,Allendale,-2.2,-1.1
45007,SC,Anderson,-2.2,-1.1
45009,SC,Bamberg,-2.2,-1.1
45011,SC,Barnwell,-2.2,-1.1
45013,SC,Beaufort,-2.2,-1.1
45015,SC,Berkeley,-2.2,-1.1
45017,SC,Calhoun,-2.2,-1.1
45019,SC,Charleston,-2.2,-1.1
45021,SC,Cherokee,-2.2,-1.1
45023,SC,Chester,-2.2,-1.1
45025,SC,Chesterfield,-2.2,-1.1
45027,SC,Clarendon,-2.2,-1.1
45029,SC,Colleton,-2.2,-1.1
45031,SC,Darlington,-2.2,-1.1
45033,SC,Dillon,-2.2,-1.1
45035,SC,Dorchester,-2.2,-1.1
45037,SC,Edgefield,-2.2,-1.1
45039,SC,Fairfield,-2.2,-1.1
45041,SC,Florence,-2.2,-1.1
45043,SC,Georgetown,-2.2,-1.1
45045,SC,Greenville,-2.2,-1.1
45047,SC,Greenwood,-2.2,-1.1
45049,SC,Hampton,-2.2,-1.1
45051,SC,Horry,-2.2,-1.1
45053,SC,Jasper,-2.2,-1.1
45055,SC,Kershaw,-2.2,-1.1
45057,SC,Lancaster,-2.2,-1.1
45059,SC,Laurens,-2.2,-1.1
45061,SC,Lee,-2.2,-1.1
45063,SC,Lexington,-2.2,-1.1
45065,SC,McCormick,-2.2,-1.1
45067,SC,Marion,-2.2,-1.1
45069,SC,Marlboro,-2.2,-1.1
45071,SC,Newberry,-2.2,-1.1
45073,SC,Oconee,-2.2,-1.1
45075,SC,Orangeburg,-2.2,-1.1
45077,SC,Pickens,-2.2,-1.1
45079,SC,Richland,-2.2,-1.1
45081,SC,Saluda,-2.2,-1.1
45083,SC,Spartanburg,-2.2,-1.1
45085,SC,Sumter,-2.2,-1.1
45087,SC,Union,-2.2,-1.1
45089,SC,Williamsburg,-2.2,-1.1
45091,SC,York,-2.2,-1.1
46003,SD,Aurora,-0.5,-0.5
46005,SD,Beadle,-0.5,-0.5
46007,SD,Bennett,-0.5,-0.5
46009,SD,Bon Homme,-0.5,-0.5
46011,SD,Brookings,-0.5,-0.5
46013,SD,Brown,-0.5,-0.5
46015,SD,Brule,-0.5,-0.5
46017,SD,Buffalo,-0.5,-0.5
46019,SD,Butte,-0.5,-0.5
46021,SD,Campbell,-0.5,-0.5
46023,SD,Charles Mix,-0.5,-0.5
46025,SD,Clark,-0.5,-0.5
46027,SD,Clay,-0.5,-0.5
46029,SD,Codington,-0.5,-0.5
46031,SD,Corson,-0.5,-0.5
46033,SD,Custer,-0.5,-0.5
46035,SD,Davison,-0.5,-0.5
46037,SD,Day,-0.5,-0.5
46039,SD,Deuel,-0.5,-0.5
46041,SD,Dewey,-0.5,-0.5
46043,SD,Douglas,-0.5,-0.5
46045,SD,Edmunds,-0.5,-0.5
46047,SD,Fall River,-0.5,-0.5
46049,SD,Faulk,-0.5,-0.5
46051,SD,Grant,-0.5,-0.5
46053,SD,Gregory,-0.5,-0.5
46055,SD,Haakon,-0.5,-0.5
46057,SD,Hamlin,-0.5,-0.5
46059,SD,Hand,-0.5,-0.5
46061,SD,Hanson,-0.5,-0.5
46063,SD,Harding,-0.5,-0.5
46065,SD,Hughes,-0.5,-0.5
46067,SD,Hutchinson,-0.5,-0.5
46069,SD,Hyde,-0.5,-0.5
46071,SD,Jackson,-0.5,-0.5
46073,SD,Jerauld,-0.5,-0.5
46075,SD,Jones,-0.5,-0.5
46077,SD,Kingsbury,-0.5,-0.5
46079,SD,Lake,-0.5,-0.5
46081,SD,Lawrence,-0.5,-0.5
46083,SD,Lincoln,-0.5,-0.5
46085,SD,Lyman,-0.5,-0.5
46087,SD,McCook,-0.5,-0.5
46089,SD,McPherson,-0.5,-0.5
46091,SD,Marshall,-0.5,-0.5
46093,SD,Meade,-0.5,-0.5
46095,SD,Mellette,-0.5,-0.5
46097,SD,Miner,-0.5,-0.5
46099,SD,Minnehaha,-0.5,-0.5
46101,SD,Moody,-0.5,-0.5
46103,SD,Pennington,-0.5,-0.5
46105,SD,Perkins,-0.5,-0.5
46107,SD,Potter,-0.5,-0.5
46109,SD,Roberts,-0.5,-0.5
46111,SD,Sanborn,-0.5,-0.5
46113,SD,Shannon,-0.5,-0.5
46115,SD,Spink,-0.5,-0.5
46117,SD,Stanley,-0.5,-0.5
46119,SD,Sully,-0.5,-0.5
46121,SD,Todd,-0.5,-0.5
46123,SD,Tripp,-0.5,-0.5
46125,SD,Turner,-0.5,-0.5
46127,SD,Union,-0.5,-0.5
46129,SD,Walworth,-0.5,-0.5
46135,SD,Yankton,-0.5,-0.5
46137,SD,Ziebach,-0.5,-0.5
47001,TN,Anderson,-3.4,-0.5
47003,TN,Bedford,-3.4,-0.5
47005,TN,Benton,-3.4,-0.5
47007,TN,Bledsoe,-3.4,-0.5
47009,TN,Blount,-3.4,-0.5
47011,TN,Bradley,-3.4,-0.5
47013,TN,Campbell,-3.4,-0.5
47015,TN,Cannon,-3.4,-0.5
47017,TN,Carroll,-3.4,-0.5
47019,TN,Carter,-3.4,-0.5
47021,TN,Cheatham,-3.4,-0.5
47023,TN,Chester,-3.4,-0.5
47025,TN,Claiborne,-3.4,-0.5
47027,TN,Clay,-3.4,-0.5
47029,TN,Cocke,-3.4,-0.5
47031,TN,Coffee,-3.4,-0.5
47033,TN,Crockett,-3.4,-0.5
47035,TN,Cumberland,-3.4,-0.5
47037,TN,Davidson,-3.4,-0.5
47039,TN,Decatur,-3.4,-0.5
47041,TN,DeKalb,-3.4,-0.5
47043,TN,Dickson,-3.4,-0.5
47045,TN,Dyer,-3.4,-0.5
47047,TN,Fayette,-3.4,-0.5
47049,TN,Fentress,-3.4,-0.5
47051,TN,Franklin,-3.4,-0.5
47053,TN,Gibson,-3.4,-0.5
47055,TN,Giles,-3.4,-0.5
47057,TN,Grainger,-3.4,-0.5
47059,TN,Greene,-3.4,-0.5
47061,TN,Grundy,-3.4,-0.5
47063,TN,Hamblen,-3.4,-0.5
47065,TN,Hamilton,-3.4,-0.5
47067,TN,Hancock,-3.4,-0.5
47069,TN,Hardeman,-3.4,-0.5
47071,TN,Hardin,-3.4,-0.5
47073,TN,Hawkins,-3.4,-0.5
47075,TN,Haywood,-3.4,-0.5
47077,TN,Henderson,-3.4,-0.5
47079,TN,Henry,-3.4,-0.5
47081,TN,Hickman,-3.4,-0.5
47083,TN,Houston,-3.4,-0.5
47085,TN,Humphreys,-3.4,-0.5
47087,TN,Jackson,-3.4,-0.5
47089,TN,Jefferson,-3.4,-0.5
47091,TN,Johnson,-3.4,-0.5
47093,TN,Knox,-3.4,-0.5
47095,TN,Lake,-3.4,-0.5
47097,TN,Lauderdale,-3.4,-0.5
47099,TN,Lawrence,-3.4,-0.5
47101,TN,Lewis,-3.4,-0.5
47103,TN,Lincoln,-3.4,-0.5
47105,TN,Loudon,-3.4,-0.5
47107,TN,McMinn,-3.4,-0.5
47109,TN,McNairy,-3.4,-0.5
47111,TN,Macon,-3.4,-0.5
47113,TN,Madison,-3.4,-0.5
47115,TN,Marion,-3.4,-0.5
47117,TN,Marshall,-3.4,-0.5
47119,TN,Maury,-3.4,-0.5
47121,TN,Meigs,-3.4,-0.5
47123,TN,Monroe,-3.4,-0.5
47125,TN,Montgomery,-3.4,-0.5
47127,TN,Moore,-3.4,-0.5
47129,TN,Morgan,-3.4,-0.5
47131,TN,Obion,-3.4,-0.5
47133,TN,Overton,-3.4,-0.5
47135,TN,Perry,-3.4,-0.5
47137,TN,Pickett,-3.4,-0.5
47139,TN,Polk,-3.4,-0.5
47141,TN,Putnam,-3.4,-0.5
47143,TN,Rhea,-3.4,-0.5
47145,TN,Roane,-3.4,-0.5
47147,TN,Robertson,-3.4,-0.5
47149,TN,Rutherford,-3.4,-0.5
47151,TN,Scott,-3.4,-0.5
47153,TN,Sequatchie,-3.4,-0.5
47155,TN,Sevier,-3.4,-0.5
47157,TN,Shelby,-3.4,-0.5
47159,TN,Smith,-3.4,-0.5
47161,TN,Stewart,-3.4,-0.5
47163,TN,Sullivan,-3.4,-0.5
47165,TN,Sumner,-3.4,-0.5
47167,TN,Tipton,-3.4,-0.5
47169,TN,Trousdale,-3.4,-0.5
47171,TN,Unicoi,-3.4,-0.5
47173,TN,Union,-3.4,-0.5
47175,TN,Van Buren,-3.4,-0.5
47177,TN,Warren,-3.4,-0.5
47179,TN,Washington,-3.4,-0.5
47181,TN,Wayne,-3.4,-0.5
47183,TN,Weakley,-3.4,-0.5
47185,TN,White,-3.4,-0.5
47187,TN,Williamson,-3.4,-0.5
47189,TN,Wilson,-3.4,-0.5
48001,TX,Anderson,-3.2,-0.4
48003,TX,Andrews,-3.2,-0.4
48005,TX,Angelina,-3.2,-0.4
48007,TX,Aransas,-3.2,-0.4
48009,TX,Archer,-3.2,-0.4
48011,TX,Armstrong,-3.2,-0.4
48013,TX,Atascosa,-3.2,-0.4
48015,TX,Austin,-3.2,-0.4
48017,TX,Bailey,-3.2,-0.4
48019,TX,Bandera,-3.2,-0.4
48021,TX,Bastrop,-3.2,-0.4
48023,TX,Baylor,-3.2,-0.4
48025,TX,Bee,-3.2,-0.4
48027,TX,Bell,-3.2,-0.4
48029,TX,Bexar,-3.2,-0.4
48031,TX,Blanco,-3.2,-0.4
48033,TX,Borden,-3.2,-0.4
48035,TX,Bosque,-3.2,-0.4
48037,TX,Bowie,-3.2,-0.4
48039,TX,Brazoria,-3.2,-0.4
48041,TX,Brazos,-3.2,-0.4
48043,TX,Brewster,-3.2,-0.4
48045,TX,Briscoe,-3.2,-0.4
48047,TX,Brooks,-3.2,-0.4
48049,TX,Brown,-3.2,-0.4
48051,TX,Burleson,-3.2,-0.4
48053,TX,Burnet,-3.2,-0.4
48055,TX,Caldwell,-3.2,-0.4
48057,TX,Calhoun,-3.2,-0.4
48059,TX,Callahan,-3.2,-0.4
48061,TX,Cameron,-3.2,-0.4
48063,TX,Camp,-3.2,-0.4
48065,TX,Carson,-3.2,-0.4
48067,TX,Cass,-3.2,-0.4
48069,TX,Castro,-3.2,-0.4
48071,TX,Chambers,-3.2,-0.4
48073,TX,Cherokee,-3.2,-0.4
48075,TX,Childress,-3.2,-0.4
48077,TX,Clay,-3.2,-0.4
48079,TX,Cochran,-3.2,-0.4
48081,TX,Coke,-3.2,-0.4
48083,TX,Coleman,-3.2,-0.4
48085,TX,Collin,-3.2,-0.4
48087,TX,Collingsworth,-3.2,-0.4
48089,TX,Colorado,-3.2,-0.4
48091,TX,Comal,-3.2,-0.4
48093,TX,Comanche,-3.2,-0.4
48095,TX,Concho,-3.2,-0.4
48097,TX,Cooke,-3.2,-0.4
48099,TX,Coryell,-3.2,-0.4
48101,TX,Cottle,-3.2,-0.4
48103,TX,Crane,-3.2,-0.4
48105,TX,Crockett,-3.2,-0.4
48107,TX,Crosby,-3.2,-0.4
48109,TX,Culberson,-3.2,-0.4
48111,TX,Dallam,-3.2,-0.4
48113,TX,Dallas,-3.2,-0.4
48115,TX,Dawson,-3.2,-0.4
48117,TX,Deaf Smith,-3.2,-0.4
48119,TX,Delta,-3.2,-0.4
48121,TX,Denton,-3.2,-0.4
48123,TX,DeWitt,-3.2,-0.4
48125,TX,Dickens,-3.2,-0.4
48127,TX,Dimmit,-3.2,-0.4
48129,TX,Donley,-3.2,-0.4
48131,TX,Duval,-3.2,-0.4
48133,TX,Eastland,-3.2,-0.4
48135,TX,Ector,-3.2,-0.4
48137,TX,Edwards,-3.2,-0.4
48139,TX,Ellis,-3.2,-0.4
48141,TX,El Paso,-3.2,-0.4
48143,TX,Erath,-3.2,-0.4
48145,TX,Falls,-3.2,-0.4
48147,TX,Fannin,-3.2,-0.4
48149,TX,Fayette,-3.2,-0.4
48151,TX,Fisher,-3.2,-0.4
48153,TX,Floyd,-3.2,-0.4
48155,TX,Foard,-3.2,-0.4
48157,TX,Fort Bend,-3.2,-0.4
48159,TX,Franklin,-3.2,-0.4
48161,TX,Freestone,-3.2,-0.4
48163,TX,Frio,-3.2,-0.4
48165,TX,Gaines,-3.2,-0.4
48167,TX,Galveston,-3.2,-0.4
48169,TX,Garza,-3.2,-0.4
48171,TX,Gillespie,-3.2,-0.4
48173,TX,Glasscock,-3.2,-0.4
48175,TX,Goliad,-3.2,-0.4
48177,TX,Gonzales,-3.2,-0.4
48179,TX,Gray,-3.2,-0.4
48181,TX,Grayson,-3.2,-0.4
48183,TX,Gregg,-3.2,-0.4
48185,TX,Grimes,-3.2,-0.4
48187,TX,Guadalupe,-3.2,-0.4
48189,TX,Hale,-3.2,-0.4
48191,TX,Hall,-3.2,-0.4
48193,TX,Hamilton,-3.2,-0.4
48195,TX,Hansford,-3.2,-0.4
48197,TX,Hardeman,-3.2,-0.4
48199,TX,Hardin,-3.2,-0.4
48201,TX,Harris,-3.2,-0.4
48203,TX,Harrison,-3.2,-0.4
48205,TX,Hartley,-3.2,-0.4
48207,TX,Haskell,-3.2,-0.4
48209,TX,Hays,-3.2,-0.4
48211,TX,Hemphill,-3.2,-0.4
48213,TX,Henderson,-3.2,-0.4
48215,TX,Hidalgo,-3.2,-0.4
48217,TX,Hill,-3.2,-0.4
48219,TX,Hockley,-3.2,-0.4
48221,TX,Hood,-3.2,-0.4
48223,TX,Hopkins,-3.2,-0.4
48225,TX,Houston,-3.2,-0.4
48227,TX,Howard,-3.2,-0.4
48229,TX,Hudspeth,-3.2,-0.4
48231,TX,Hunt,-3.2,-0.4
48233,TX,Hutchinson,-3.2,-0.4
48235,TX,Irion,-3.2,-0.4
48237,TX,Jack,-3.2,-0.4
48239,TX,Jackson,-3.2,-0.4
48241,TX,Jasper,-3.2,-0.4
48243,TX,Jeff Davis,-3.2,-0.4
48245,TX,Jefferson,-3.2,-0.4
48247,TX,Jim Hogg,-3.2,-0.4
48249,TX,Jim Wells,-3.2,-0.4
48251,TX,Johnson,-3.2,-0.4
48253,TX,Jones,-3.2,-0.4
48255,TX,Karnes,-3.2,-0.4
48257,TX,Kaufman,-3.2,-0.4
48259,TX,Kendall,-3.2,-0.4
48261,TX,Kenedy,-3.2,-0.4
48263,TX,Kent,-3.2,-0.4
48265,TX,Kerr,-3.2,-0.4
48267,TX,Kimble,-3.2,-0.4
48269,TX,King,-3.2,-0.4
48271,TX,Kinney,-3.2,-0.4
48273,TX,Kleberg,-3.2,-0.4
48275,TX,Knox,-3.2,-0.4
48277,TX,Lamar,-3.2,-0.4
48279,TX,Lamb,-3.2,-0.4
48281,TX,Lampasas,-3.2,-0.4
48283,TX,La Salle,-3.2,-0.4
48285,TX,Lavaca,-3.2,-0.4
48287,TX,Lee,-3.2,-0.4
48289,TX,Leon,-3.2,-0.4
48291,TX,Liberty,-3.2,-0.4
48293,TX,Limestone,-3.2,-0.4
48295,TX,Lipscomb,-3.2,-0.4
48297,TX,Live Oak,-3.2,-0.4
48299,TX,Llano,-3.2,-0.4
48301,TX,Loving,-3.2,-0.4
48303,TX,Lubbock,-3.2,-0.4
48305,TX,Lynn,-3.2,-0.4
48307,TX,McCulloch,-3.2,-0.4
48309,TX,McLennan,-3.2,-0.4
48311,TX,McMullen,-3.2,-0.4
48313,TX,Madison,-3.2,-0.4
48315,TX,Marion,-3.2,-0.4
48317,TX,Martin,-3.2,-0.4
48319,TX,Mason,-3.2,-0.4
48321,TX,Matagorda,-3.2,-0.4
48323,TX,Maverick,-3.2,-0.4
48325,TX,Medina,-3.2,-0.4
48327,TX,Menard,-3.2,-0.4
48329,TX,Midland,-3.2,-0.4
48331,TX,Milam,-3.2,-0.4
48333,TX,Mills,-3.2,-0.4
48335,TX,Mitchell,-3.2,-0.4
48337,TX,Montague,-3.2,-0.4
48339,TX,Montgomery,-3.2,-0.4
48341,TX,Moore,-3.2,-0.4
48343,TX,Morris,-3.2,-0.4
48345,TX,Motley,-3.2,-0.4
48347,TX,Nacogdoches,-3.2,-0.4
48349,TX,Navarro,-3.2,-0.4
48351,TX,Newton,-3.2,-0.4
48353,TX,Nolan,-3.2,-0.4
48355,TX,Nueces,-3.2,-0.4
48357,TX,Ochiltree,-3.2,-0.4
48359,TX,Oldham,-3.2,-0.4
48361,TX,Orange,-3.2,-0.4
48363,TX,Palo Pinto,-3.2,-0.4
48365,TX,Panola,-3.2,-0.4
48367,TX,Parker,-3.2,-0.4
48369,TX,Parmer,-3.2,-0.4
48371,TX,Pecos,-3.2,-0.4
48373,TX,Polk,-3.2,-0.4
48375,TX,Potter,-3.2,-0.4
48377,TX,Presidio,-3.2,-0.4
48379,TX,Rains,-3.2,-0.4
48381,TX,Randall,-3.2,-0.4
48383,TX,Reagan,-3.2,-0.4
48385,TX,Real,-3.2,-0.4
48387,TX,Red River,-3.2,-0.4
48389,TX,Reeves,-3.2,-0.4
48391,TX,Refugio,-3.2,-0.4
48393,TX,Roberts,-3.2,-0.4
48395,TX,Robertson,-3.2,-0.4
48397,TX,Rockwall,-3.2,-0.4
48399,TX,Runnels,-3.2,-0.4
48401,TX,Rusk,-3.2,-0.4
48403,TX,Sabine,-3.2,-0.4
48405,TX,San Augustine,-3.2,-0.4
48407,TX,San Jacinto,-3.2,-0.4
48409,TX,San Patricio,-3.2,-0.4
48411,TX,San Saba,-3.2,-0.4
48413,TX,Schleicher,-3.2,-0.4
48415,TX,Scurry,-3.2,-0.4
48417,TX,Shackelford,-3.2,-0.4
48419,TX,Shelby,-3.2,-0.4
48421,TX,Sherman,-3.2,-0.4
48423,TX,Smith,-3.2,-0.4
48425,TX,Somervell,-3.2,-0.4
48427,TX,Starr,-3.2,-0.4
48429,TX,Stephens,-3.2,-0.4
48431,TX,Sterling,-3.2,-0.4
48433,TX,Stonewall,-3.2,-0.4
48435,TX,Sutton,-3.2,-0.4
48437,TX,Swisher,-3.2,-0.4
48439,TX,Tarrant,-3.2,-0.4
48441,TX,Taylor,-3.2,-0.4
48443,TX,Terrell,-3.2,-0.4
48445,TX,Terry,-3.2,-0.4
48447,TX,Throckmorton,-3.2,-0.4
48449,TX,Titus,-3.2,-0.4
48451,TX,Tom Green,-3.2,-0.4
48453,TX,Travis,-3.2,-0.4
48455,TX,Trinity,-3.2,-0.4
48457,TX,Tyler,-3.2,-0.4
48459,TX,Upshur,-3.2,-0.4
48461,TX,Upton,-3.2,-0.4
48463,TX,Uvalde,-3.2,-0.4
48465,TX,Val Verde,-3.2,-0.4
48467,TX,Van Zandt,-3.2,-0.4
48469,TX,Victoria,-3.2,-0.4
48471,TX,Walker,-3.2,-0.4
48473,TX,Waller,-3.2,-0.4
48475,TX,Ward,-3.2,-0.4
48477,TX,Washington,-3.2,-0.4
48479,TX,Webb,-3.2,-0.4
48481,TX,Wharton,-3.2,-0.4
48483,TX,Wheeler,-3.2,-0.4
48485,TX,Wichita,-3.2,-0.4
48487,TX,Wilbarger,-3.2,-0.4
48489,TX,Willacy,-3.2,-0.4
48491,TX,Williamson,-3.2,-0.4
48493,TX,Wilson,-3.2,-0.4
48495,TX,Winkler,-3.2,-0.4
48497,TX,Wise,-3.2,-0.4
48499,TX,Wood,-3.2,-0.4
48501,TX,Yoakum,-3.2,-0.4
48503,TX,Young,-3.2,-0.4
48505,TX,Zapata,-3.2,-0.4
48507,TX,Zavala,-3.2,-0.4
49001,UT,Beaver,-2.6,-0.8
49003,UT,Box Elder,-2.6,-0.8
49005,UT,Cache,-2.6,-0.8
49007,UT,Carbon,-2.6,-0.8
49009,UT,Daggett,-2.6,-0.8
49011,UT,Davis,-2.6,-0.8
49013,UT,Duchesne,-2.6,-0.8
49015,UT,Emery,-2.6,-0.8
49017,UT,Garfield,-2.6,-0.8
49019,UT,Grand,-2.6,-0.8
49021,UT,Iron,-2.6,-0.8
49023,UT,Juab,-2.6,-0.8
49025,UT,Kane,-2.6,-0.8
49027,UT,Millard,-2.6,-0.8
49029,UT,Morgan,-2.6,-0.8
49031,UT,Piute,-2.6,-0.8
49033,UT,Rich,-2.6,-0.8
49035,UT,Salt Lake,-2.6,-0.8
49037,UT,San Juan,-2.6,-0.8
49039,UT,Sanpete,-2.6,-0.8
49041,UT,Sevier,-2.6,-0.8
49043,UT,Summit,-2.6,-0.8
49045,UT,Tooele,-2.6,-0.8
49047,UT,Uintah,-2.6,-0.8
49049,UT,Utah,-2.6,-0.8
49051,UT,Wasatch,-2.6,-0.8
49053,UT,Washington,-2.6,-0.8
49055,UT,Wayne,-2.6,-0.8
49057,UT,Weber,-2.6,-0.8
50001,VT,Addison,0,0.1
50003,VT,Bennington,0,0.1
50005,VT,Caledonia,0,0.1
50007,VT,Chittenden,0,0.1
50009,VT,Essex,0,0.1
50011,VT,Franklin,0,0.1
50013,VT,Grand Isle,0,0.1
50015,VT,Lamoille,0,0.1
50017,VT,Orange,0,0.1
50019,VT,Orleans,0,0.1
50021,VT,Rutland,0,0.1
50023,VT,Washington,0,0.1
50025,VT,Windham,0,0.1
50027,VT,Windsor,0,0.1
51001,VA,Accomack,-2.8,-2.4
51003,VA,Albemarle,-2.8,-2.4
51005,VA,Alleghany,-2.8,-2.4
51007,VA,Amelia,-2.8,-2.4
51009,VA,Amherst,-2.8,-2.4
51011,VA,Appomattox,-2.8,-2.4
51013,VA,Arlington,-2.8,-2.4
51015,VA,Augusta,-2.8,-2.4
51017,VA,Bath,-2.8,-2.4
51019,VA,Bedford,-2.8,-2.4
51021,VA,Bland,-2.8,-2.4
51023,VA,Botetourt,-2.8,-2.4
51025,VA,Brunswick,-2.8,-2.4
51027,VA,Buchanan,-2.8,-2.4
51029,VA,Buckingham,-2.8,-2.4
51031,VA,Campbell,-2.8,-2.4
51033,VA,Caroline,-2.8,-2.4
51035,VA,Carroll,-2.8,-2.4
51036,VA,Charles City,-2.8,-2.4
51037,VA,Charlotte,-2.8,-2.4
51041,VA,Chesterfield,-2.8,-2.4
51043,VA,Clarke,-2.8,-2.4
51045,VA,Craig,-2.8,-2.4
51047,VA,Culpeper,-2.8,-2.4
51049,VA,Cumberland,-2.8,-2.4
51051,VA,Dickenson,-2.8,-2.4
51053,VA,Dinwiddie,-2.8,-2.4
51057,VA,Essex,-2.8,-2.4
51059,VA,Fairfax,-2.8,-2.4
51061,VA,Fauquier,-2.8,-2.4
51063,VA,Floyd,-2.8,-2.4
51065,VA,Fluvanna,-2.8,-2.4
51067,VA,Franklin,-2.8,-2.4
51069,VA,Frederick,-2.8,-2.4
51071,VA,Giles,-2.8,-2.4
51073,VA,Gloucester,-2.8,-2.4
51075,VA,Goochland,-2.8,-2.4
51077,VA,Grayson,-2.8,-2.4
51079,VA,Greene,-2.8,-2.4
51081,VA,Greensville,-2.8,-2.4
51083,VA,Halifax,-2.8,-2.4
51085,VA,Hanover,-2.8,-2.4
51087,VA,Henrico,-2.8,-2.4
51089,VA,Henry,-2.8,-2.4
51091,VA,Highland,-2.8,-2.4
51093,VA,Isle of Wight,-2.8,-2.4
51095,VA,James City,-2.8,-2.4
51097,VA,King and Queen,-2.8,-2.4
51099,VA,King George,-2.8,-2.4
51101,VA,King William,-2.8,-2.4
51103,VA,Lancaster,-2.8,-2.4
51105,VA,Lee,-2.8,-2.4
51107,VA,Loudoun,-2.8,-2.4
51109,VA,Louisa,-2.8,-2.4
51111,VA,Lunenburg,-2.8,-2.4
51113,VA,Madison,-2.8,-2.4
51115,VA,Mathews,-2.8,-2.4
51117,VA,Mecklenburg,-2.8,-2.4
51119,VA,Middlesex,-2.8,-2.4
51121,VA,Montgomery,-2.8,-2.4
51125,VA,Nelson,-2.8,-2.4
51127,VA,New Kent,-2.8,-2.4
51131,VA,Northampton,-2.8,-2.4
51133,VA,Northumberland,-2.8,-2.4
51135,VA,Nottoway,-2.8,-2.4
51137,VA,Orange,-2.8,-2.4
51139,VA,Page,-2.8,-2.4
51141,VA,Patrick,-2.8,-2.4
51143,VA,Pittsylvania,-2.8,-2.4
51145,VA,Powhatan,-2.8,-2.4
51147,VA,Prince Edward,-2.8,-2.4
51149,VA,Prince George,-2.8,-2.4
51153,VA,Prince William,-2.8,-2.4
51155,VA,Pulaski,-2.8,-2.4
51157,VA,Rappahannock,-2.8,-2.4
51159,VA,Richmond,-2.8,-2.4
51161,VA,Roanoke,-2.8,-2.4
51163,VA,Rockbridge,-2.8,-2.4
51165,VA,Rockingham,-2.8,-2.4
51167,VA,Russell,-2.8,-2.4
51169,VA,Scott,-2.8,-2.4
51171,VA,Shenandoah,-2.8,-2.4
51173,VA,Smyth,-2.8,-2.4
51175,VA,Southampton,-2.8,-2.4
51177,VA,Spotsylvania,-2.8,-2.4
51179,VA,Stafford,-2.8,-2.4
51181,VA,Surry,-2.8,-2.4
51183,VA,Sussex,-2.8,-2.4
51185,VA,Tazewell,-2.8,-2.4
51187,VA,Warren,-2.8,-2.4
51191,VA,Washington,-2.8,-2.4
51193,VA,Westmoreland,-2.8,-2.4
51195,VA,Wise,-2.8,-2.4
51197,VA,Wythe,-2.8,-2.4
51199,VA,York,-2.8,-2.4
51510,VA,Alexandria,-2.8,-2.4
51515,VA,Bedford,-2.8,-2.4
51520,VA,Bristol,-2.8,-2.4
51530,VA,Buena Vista,-2.8,-2.4
51540,VA,Charlottesville,-2.8,-2.4
51550,VA,Chesapeake,-2.8,-2.4
51570,VA,Colonial Heights,-2.8,-2.4
51580,VA,Covington,-2.8,-2.4
51590,VA,Danville,-2.8,-2.4
51595,VA,Emporia,-2.8,-2.4
51600,VA,Fairfax,-2.8,-2.4
51610,VA,Falls Church,-2.8,-2.4
51620,VA,Franklin,-2.8,-2.4
51630,VA,Fredericksburg,-2.8,-2.4
51640,VA,Galax,-2.8,-2.4
51650,VA,Hampton,-2.8,-2.4
51660,VA,Harrisonburg,-2.8,-2.4
51670,VA,Hopewell,-2.8,-2.4
51678,VA,Lexington,-2.8,-2.4
51680,VA,Lynchburg,-2.8,-2.4
51683,VA,Manassas,-2.8,-2.4
51685,VA,Manassas Park,-2.8,-2.4
51690,VA,Martinsville,-2.8,-2.4
51700,VA,Newport News,-2.8,-2.4
51710,VA,Norfolk,-2.8,-2.4
51720,VA,Norton,-2.8,-2.4
51730,VA,Petersburg,-2.8,-2.4
51735,VA,Poquoson,-2.8,-2.4
51740,VA,Portsmouth,-2.8,-2.4
51750,VA,Radford,-2.8,-2.4
51760,VA,Richmond,-2.8,-2.4
51770,VA,Roanoke,-2.8,-2.4
51775,VA,Salem,-2.8,-2.4
51790,VA,Staunton,-2.8,-2.4
51800,VA,Suffolk,-2.8,-2.4
51810,VA,Virginia Beach,-2.8,-2.4
51820,VA,Waynesboro,-2.8,-2.4
51830,VA,Williamsburg,-2.8,-2.4
51840,VA,Winchester,-2.8,-2.4
53001,WA,Adams,-2.9,-1.4
53003,WA,Asotin,-2.9,-1.4
53005,WA,Benton,-2.9,-1.4
53007,WA,Chelan,-2.9,-1.4
53009,WA,Clallam,-2.9,-1.4
53011,WA,Clark,-2.9,-1.4
53013,WA,Columbia,-2.9,-1.4
53015,WA,Cowlitz,-2.9,-1.4
53017,WA,Douglas,-2.9,-1.4
53019,WA,Ferry,-2.9,-1.4
53021,WA,Franklin,-2.9,-1.4
53023,WA,Garfield,-2.9,-1.4
53025,WA,Grant,-2.9,-1.4
53027,WA,Grays Harbor,-2.9,-1.4
53029,WA,Island,-2.9,-1.4
53031,WA,Jefferson,-2.9,-1.4
53033,WA,King,-2.9,-1.4
53035,WA,Kitsap,-2.9,-1.4
53037,WA,Kittitas,-2.9,-1.4
53039,WA,Klickitat,-2.9,-1.4
53041,WA,Lewis,-2.9,-1.4
53043,WA,Lincoln,-2.9,-1.4
53045,WA,Mason,-2.9,-1.4
53047,WA,Okanogan,-2.9,-1.4
53049,WA,Pacific,-2.9,-1.4
53051,WA,Pend Oreille,-2.9,-1.4
53053,WA,Pierce,-2.9,-1.4
53055,WA,San Juan,-2.9,-1.4
53057,WA,Skagit,-2.9,-1.4
53059,WA,Skamania,-2.9,-1.4
53061,WA,Snohomish,-2.9,-1.4
53063,WA,Spokane,-2.9,-1.4
53065,WA,Stevens,-2.9,-1.4
53067,WA,Thurston,-2.9,-1.4
53069,WA,Wahkiakum,-2.9,-1.4
53071,WA,Walla Walla,-2.9,-1.4
53073,WA,Whatcom,-2.9,-1.4
53075,WA,Whitman,-2.9,-1.4
53077,WA,Yakima,-2.9,-1.4
54001,WV,Barbour,-1.4,-1.1
54003,WV,Berkeley,-1.4,-1.1
54005,WV,Boone,-1.4,-1.1
54007,WV,Braxton,-1.4,-1.1
54009,WV,Brooke,-1.4,-1.1
54011,WV,Cabell,-1.4,-1.1
54013,WV,Calhoun,-1.4,-1.1
54015,WV,Clay,-1.4,-1.1
54017,WV,Doddridge,-1.4,-1.1
54019,WV,Fayette,-1.4,-1.1
54021,WV,Gilmer,-1.4,-1.1
54023,WV,Grant,-1.4,-1.1
54025,WV,Greenbrier,-1.4,-1.1
54027,WV,Hampshire,-1.4,-1.1
54029,WV,Hancock,-1.4,-1.1
54031,WV,Hardy,-1.4,-1.1
54033,WV,Harrison,-1.4,-1.1
54035,WV,Jackson,-1.4,-1.1
54037,WV,Jefferson,-1.4,-1.1
54039,WV,Kanawha,-1.4,-1.1
54041,WV,Lewis,-1.4,-1.1
54043,WV,Lincoln,-1.4,-1.1
54045,WV,Logan,-1.4,-1.1
54047,WV,McDowell,-1.4,-1.1
54049,WV,Marion,-1.4,-1.1
54051,WV,Marshall,-1.4,-1.1
54053,WV,Mason,-1.4,-1.1
54055,WV,Mercer,-1.4,-1.1
54057,WV,Mineral,-1.4,-1.1
54059,WV,Mingo,-1.4,-1.1
54061,WV,Monongalia,-1.4,-1.1
54063,WV,Monroe,-1.4,-1.1
54065,WV,Morgan,-1.4,-1.1
54067,WV,Nicholas,-1.4,-1.1
54069,WV,Ohio,-1.4,-1.1
54071,WV,Pendleton,-1.4,-1.1
54073,WV,Pleasants,-1.4,-1.1
54075,WV,Pocahontas,-1.4,-1.1
54077,WV,Preston,-1.4,-1.1
54079,WV,Putnam,-1.4,-1.1
54081,WV,Raleigh,-1.4,-1.1
54083,WV,Randolph,-1.4,-1.1
54085,WV,Ritchie,-1.4,-1.1
54087,WV,Roane,-1.4,-1.1
54089,WV,Summers,-1.4,-1.1
54091,WV,Taylor,-1.4,-1.1
54093,WV,Tucker,-1.4,-1.1
54095,WV,Tyler,-1.4,-1.1
54097,WV,Upshur,-1.4,-1.1
54099,WV,Wayne,-1.4,-1.1
54101,WV,Webster,-1.4,-1.1
54103,WV,Wetzel,-1.4,-1.1
54105,WV,Wirt,-1.4,-1.1
54107,WV,Wood,-1.4,-1.1
54109,WV,Wyoming,-1.4,-1.1
55001,WI,Adams,-0.4,0.3
55003,WI,Ashland,-0.4,0.3
55005,WI,Barron,-0.4,0.3
55007,WI,Bayfield,-0.4,0.3
55009,WI,Brown,-0.4,0.3
55011,WI,Buffalo,-0.4,0.3
55013,WI,Burnett,-0.4,0.3
55015,WI,Calumet,-0.4,0.3
55017,WI,Chippewa,-0.4,0.3
55019,WI,Clark,-0.4,0.3
55021,WI,Columbia,-0.4,0.3
55023,WI,Crawford,-0.4,0.3
55025,WI,Dane,-0.4,0.3
55027,WI,Dodge,-0.4,0.3
55029,WI,Door,-0.4,0.3
55031,WI,Douglas,-0.4,0.3
55033,WI,Dunn,-0.4,0.3
55035,WI,Eau Claire,-0.4,0.3
55037,WI,Florence,-0.4,0.3
55039,WI,Fond du Lac,-0.4,0.3
55041,WI,Forest,-0.4,0.3
55043,WI,Grant,-0.4,0.3
55045,WI,Green,-0.4,0.3
55047,WI,Green Lake,-0.4,0.3
55049,WI,Iowa,-0.4,0.3
55051,WI,Iron,-0.4,0.3
55053,WI,Jackson,-0.4,0.3
55055,WI,Jefferson,-0.4,0.3
55057,WI,Juneau,-0.4,0.3
55059,WI,Kenosha,-0.4,0.3
55061,WI,Kewaunee,-0.4,0.3
55063,WI,La Crosse,-0.4,0.3
55065,WI,Lafayette,-0.4,0.3
55067,WI,Langlade,-0.4,0.3
55069,WI,Lincoln,-0.4,0.3
55071,WI,Manitowoc,-0.4,0.3
55073,WI,Marathon,-0.4,0.3
55075,WI,Marinette,-0.4,0.3
55077,WI,Marquette,-0.4,0.3
55078,WI,Menominee,-0.4,0.3
55079,WI,Milwaukee,-0.4,0.3
55081,WI,Monroe,-0.4,0.3
55083,WI,Oconto,-0.4,0.3
55085,WI,Oneida,-0.4,0.3
55087,WI,Outagamie,-0.4,0.3
55089,WI,Ozaukee,-0.4,0.3
55091,WI,Pepin,-0.4,0.3
55093,WI,Pierce,-0.4,0.3
55095,WI,Polk,-0.4,0.3
55097,WI,Portage,-0.4,0.3
55099,WI,Price,-0.4,0.3
55101,WI,Racine,-0.4,0.3
55103,WI,Richland,-0.4,0.3
55105,WI,Rock,-0.4,0.3
55107,WI,Rusk,-0.4,0.3
55109,WI,St. Croix,-0.4,0.3
55111,WI,Sauk,-0.4,0.3
55113,WI,Sawyer,-0.4,0.3
55115,WI,Shawano,-0.4,0.3
55117,WI,Sheboygan,-0.4,0.3
55119,WI,Taylor,-0.4,0.3
55121,WI,Trempealeau,-0.4,0.3
55123,WI,Vernon,-0.4,0.3
55125,WI,Vilas,-0.4,0.3
55127,WI,Walworth,-0.4,0.3
55129,WI,Washburn,-0.4,0.3
55131,WI,Washington,-0.4,0.3
55133,WI,Waukesha,-0.4,0.3
55135,WI,Waupaca,-0.4,0.3
55137,WI,Waushara,-0.4,0.3
55139,WI,Winnebago,-0.4,0.3
55141,WI,Wood,-0.4,0.3
56001,WY,Albany,-0.8,-0.2
56003,WY,Big Horn,-0.8,-0.2
56005,WY,Campbell,-0.8,-0.2
56007,WY,Carbon,-0.8,-0.2
56009,WY,Converse,-0.8,-0.2
56011,WY,Crook,-0.8,-0.2
56013,WY,Fremont,-0.8,-0.2
56015,WY,Goshen,-0.8,-0.2
56017,WY,Hot Springs,-0.8,-0.2
56019,WY,Johnson,-0.8,-0.2
56021,WY,Laramie,-0.8,-0.2
56023,WY,Lincoln,-0.8,-0.2
56025,WY,Natrona,-0.8,-0.2
56027,WY,Niobrara,-0.8,-0.2
56029,WY,Park,-0.8,-0.2
56031,WY,Platte,-0.8,-0.2
56033,WY,Sheridan,-0.8,-0.2
56035,WY,Sublette,-0.8,-0.2
56037,WY,Sweetwater,-0.8,-0.2
56039,WY,Teton,-0.8,-0.2
56041,WY,Uinta,-0.8,-0.2
56043,WY,Washakie,-0.8,-0.2
56045,WY,Weston,-0.8,-0.2
